ID,Group,Categories,ID_NEW
6,Book,5,1.0
10,Book,3,2.0
20,Book,3,3.0
28,Book,2,4.0
29,Book,5,5.0
52,Book,5,6.0
53,Book,7,7.0
55,Book,2,8.0
114,Book,2,9.0
157,Book,4,10.0
159,Book,4,11.0
196,Book,0,12.0
201,Book,2,13.0
231,Music,2,14.0
421,Book,1,15.0
449,Book,0,16.0
452,Book,4,17.0
480,Music,3,18.0
484,Book,3,19.0
548,Book,3,20.0
550,Book,4,21.0
556,Book,2,22.0
616,Book,1,23.0
686,DVD,14,24.0
698,Book,3,25.0
753,Music,7,26.0
820,Book,0,27.0
878,Book,5,28.0
982,Book,3,29.0
1001,Music,0,30.0
1048,Book,1,31.0
1116,Book,1,32.0
1142,Book,6,33.0
1282,DVD,18,34.0
1338,Book,6,35.0
1358,Book,1,36.0
1398,Music,4,37.0
1403,Book,2,38.0
1413,Book,3,39.0
1434,Music,2,40.0
1461,Book,5,41.0
1462,Book,2,42.0
1483,Book,9,43.0
1544,Book,1,44.0
1558,Book,2,45.0
1590,Book,3,46.0
1614,Book,2,47.0
1726,Music,6,48.0
1739,Music,6,49.0
1761,Video,18,50.0
1766,Music,4,51.0
1792,Music,5,52.0
1810,Book,3,53.0
1969,Book,2,54.0
1975,Book,3,55.0
1986,Music,3,56.0
2052,Book,5,57.0
2103,Book,3,58.0
2133,Book,6,59.0
2200,Book,8,60.0
2228,Book,2,61.0
2319,Music,9,62.0
2395,DVD,3,63.0
2407,Book,2,64.0
2439,Video,19,65.0
2518,Music,2,66.0
2529,Book,3,67.0
2551,Book,2,68.0
2555,Book,6,69.0
2618,Book,6,70.0
2652,Book,2,71.0
2734,Book,1,72.0
2833,Music,2,73.0
2865,Music,6,74.0
2884,Book,1,75.0
2887,Book,2,76.0
3030,Book,2,77.0
3111,Video,20,78.0
3219,Book,2,79.0
3243,Book,0,80.0
3267,Book,4,81.0
3268,Book,3,82.0
3269,Book,1,83.0
3295,Book,2,84.0
3321,Book,2,85.0
3460,Book,3,86.0
3505,Music,7,87.0
3656,Book,1,88.0
3676,Book,1,89.0
3724,Book,4,90.0
3733,Music,4,91.0
3768,Book,2,92.0
3831,Book,9,93.0
3861,Book,3,94.0
3994,Music,7,95.0
4139,Music,3,96.0
4237,Music,3,97.0
4240,Video,18,98.0
4248,Book,1,99.0
4302,Music,2,100.0
4350,Book,2,101.0
4394,Book,4,102.0
4410,Book,3,103.0
4431,Book,4,104.0
4538,Music,2,105.0
4539,Music,5,106.0
4587,Book,2,107.0
4598,Book,4,108.0
4706,Book,3,109.0
4718,Book,7,110.0
4722,Music,4,111.0
4814,Book,7,112.0
4828,Video,9,113.0
4830,Music,7,114.0
4897,Music,6,115.0
4934,Book,2,116.0
5107,Book,2,117.0
5152,Book,6,118.0
5165,Book,2,119.0
5195,Music,25,120.0
5243,Book,2,121.0
5281,Book,5,122.0
5340,Music,9,123.0
5406,Video,19,124.0
5500,Book,5,125.0
5569,Music,1,126.0
5581,Video,5,127.0
5598,Book,4,128.0
5688,Book,7,129.0
5695,Book,2,130.0
5732,Music,1,131.0
5911,Music,3,132.0
6005,Book,2,133.0
6109,Book,2,134.0
6135,Book,3,135.0
6166,Book,3,136.0
6167,Book,3,137.0
6228,Book,4,138.0
6273,Book,5,139.0
6274,Book,2,140.0
6305,Video,2,141.0
6436,Book,1,142.0
6448,Music,4,143.0
6505,Book,7,144.0
6550,Book,1,145.0
6676,Book,2,146.0
6756,DVD,21,147.0
6882,Music,0,148.0
7091,Book,1,149.0
7163,Book,1,150.0
7206,Book,1,151.0
7233,Book,2,152.0
7242,Book,2,153.0
7266,Book,2,154.0
7355,Book,5,155.0
7458,Book,1,156.0
7538,Book,5,157.0
7673,Book,4,158.0
7759,Book,3,159.0
7823,Book,4,160.0
8001,Book,3,161.0
8002,Book,6,162.0
8056,Music,4,163.0
8110,Book,6,164.0
8194,Music,2,165.0
8217,Video,11,166.0
8221,Book,2,167.0
8242,Book,5,168.0
8343,Book,5,169.0
8352,Book,5,170.0
8355,Book,2,171.0
8379,Book,6,172.0
8439,Book,4,173.0
8451,Book,3,174.0
8464,Book,5,175.0
8517,Book,3,176.0
8566,Book,4,177.0
8643,Book,3,178.0
8824,Book,2,179.0
8875,DVD,7,180.0
8876,Book,3,181.0
8899,Book,4,182.0
8900,Book,3,183.0
8901,Book,4,184.0
8938,Music,5,185.0
8986,Book,3,186.0
9033,Music,6,187.0
9037,Music,3,188.0
9060,Book,1,189.0
9159,Music,3,190.0
9185,Book,4,191.0
9186,Book,4,192.0
9376,Music,6,193.0
9378,Music,5,194.0
9384,Book,1,195.0
9512,Music,7,196.0
9556,Book,2,197.0
9658,Book,3,198.0
9663,Book,4,199.0
9687,Book,1,200.0
9688,Book,12,201.0
9723,Book,2,202.0
9767,Book,4,203.0
9804,DVD,23,204.0
9863,Book,2,205.0
10024,Book,1,206.0
10043,Book,5,207.0
10049,Book,2,208.0
10098,Music,6,209.0
10104,Music,4,210.0
10127,Book,5,211.0
10128,Book,1,212.0
10218,Book,4,213.0
10219,Book,2,214.0
10442,Book,6,215.0
10712,Book,3,216.0
10775,Book,6,217.0
10817,Book,2,218.0
10848,Book,2,219.0
10887,Music,1,220.0
10951,Video,11,221.0
10975,Video,3,222.0
10999,Book,4,223.0
11082,Book,3,224.0
11182,Music,6,225.0
11253,Music,2,226.0
11255,Book,9,227.0
11264,Music,4,228.0
11389,Book,0,229.0
11390,Book,0,230.0
11395,Book,4,231.0
11396,Book,12,232.0
11464,Music,4,233.0
11660,Toy,8,234.0
11719,Book,1,235.0
11795,Music,5,236.0
11829,Music,2,237.0
11837,Book,1,238.0
11933,Music,3,239.0
11979,Book,4,240.0
12005,Book,5,241.0
12009,Book,8,242.0
12013,Book,0,243.0
12074,Book,6,244.0
12102,Book,7,245.0
12112,Book,2,246.0
12121,Book,0,247.0
12252,Book,7,248.0
12542,Book,12,249.0
12552,Book,3,250.0
12574,Book,5,251.0
12577,Book,1,252.0
12668,Book,4,253.0
12700,Book,1,254.0
12738,Book,4,255.0
12757,Music,4,256.0
12771,Book,1,257.0
12785,Music,5,258.0
12859,Music,3,259.0
12871,Book,4,260.0
13079,Book,1,261.0
13151,Book,2,262.0
13259,Music,1,263.0
13295,Book,4,264.0
13340,Video,8,265.0
13427,Video,4,266.0
13539,Book,3,267.0
13573,Music,3,268.0
13588,Music,10,269.0
13609,Book,4,270.0
13622,Music,3,271.0
13761,Book,0,272.0
13767,Music,3,273.0
13789,Book,9,274.0
13796,Book,4,275.0
13840,Music,5,276.0
13955,Music,3,277.0
13982,Book,2,278.0
13999,Music,3,279.0
14156,Book,2,280.0
14255,Book,4,281.0
14282,Book,1,282.0
14310,Book,12,283.0
14367,Book,6,284.0
14433,Music,10,285.0
14557,Book,2,286.0
14666,Book,3,287.0
14667,Music,7,288.0
14726,Book,4,289.0
14827,Book,1,290.0
14902,Book,0,291.0
15095,Music,6,292.0
15189,Book,3,293.0
15191,Book,3,294.0
15222,Book,3,295.0
15234,Book,4,296.0
15237,DVD,2,297.0
15304,Book,4,298.0
15305,Book,4,299.0
15450,Book,2,300.0
15485,Book,0,301.0
15534,Book,2,302.0
15592,Music,2,303.0
15647,Book,5,304.0
15777,Music,5,305.0
15838,Book,4,306.0
15854,Book,9,307.0
15966,Book,3,308.0
15972,Book,4,309.0
16003,Book,3,310.0
16009,Book,2,311.0
16035,Book,1,312.0
16052,Book,2,313.0
16164,Video,4,314.0
16213,Book,4,315.0
16231,DVD,11,316.0
16288,Book,2,317.0
16372,Book,1,318.0
16414,Book,4,319.0
16454,Book,2,320.0
16563,Music,6,321.0
16564,Book,5,322.0
16756,Book,4,323.0
16785,Book,2,324.0
16794,DVD,10,325.0
16807,Book,3,326.0
16810,Music,2,327.0
16852,Book,2,328.0
16854,Book,3,329.0
16968,Music,4,330.0
16977,Book,3,331.0
17068,Book,4,332.0
17103,Book,2,333.0
17129,Book,3,334.0
17205,Music,8,335.0
17220,Book,6,336.0
17290,Book,9,337.0
17311,Video,2,338.0
17331,Book,5,339.0
17416,Book,2,340.0
17490,Book,0,341.0
17529,Music,11,342.0
17616,Book,2,343.0
17697,Book,2,344.0
17744,Book,1,345.0
17758,Book,2,346.0
17807,Book,2,347.0
17870,Music,5,348.0
17909,Music,6,349.0
17924,Music,7,350.0
17947,Book,4,351.0
17997,DVD,5,352.0
18036,Book,5,353.0
18062,Book,3,354.0
18087,Book,6,355.0
18121,Book,1,356.0
18249,Book,2,357.0
18346,Book,5,358.0
18347,Video,2,359.0
18348,Music,3,360.0
18403,Book,6,361.0
18576,Book,5,362.0
18736,Book,3,363.0
18768,Book,3,364.0
18857,Book,0,365.0
18923,Book,4,366.0
18924,Book,2,367.0
18937,Music,6,368.0
18946,Book,5,369.0
19024,Book,2,370.0
19095,Book,8,371.0
19100,Book,8,372.0
19236,Book,0,373.0
19249,Book,3,374.0
19344,Book,1,375.0
19356,Book,8,376.0
19390,Book,2,377.0
19433,Book,2,378.0
19452,Video,21,379.0
19454,Book,3,380.0
19612,Book,1,381.0
19945,Book,4,382.0
20007,Book,4,383.0
20069,Book,2,384.0
20101,Book,2,385.0
20159,Music,5,386.0
20167,Video,14,387.0
20193,Book,4,388.0
20233,Book,2,389.0
20294,DVD,11,390.0
20308,Book,0,391.0
20309,Video,9,392.0
20421,Book,5,393.0
20466,Book,2,394.0
20699,Book,6,395.0
20700,Book,1,396.0
20804,Music,24,397.0
20858,Book,2,398.0
21171,Music,2,399.0
21191,Book,2,400.0
21199,Book,3,401.0
21210,Book,3,402.0
21309,Book,5,403.0
21411,Music,6,404.0
21627,Book,2,405.0
21653,Book,2,406.0
21697,Book,3,407.0
21728,Book,1,408.0
21743,Music,4,409.0
21860,Book,9,410.0
21963,Book,7,411.0
21964,Book,2,412.0
21998,Book,4,413.0
22098,Book,5,414.0
22141,Music,2,415.0
22158,Book,1,416.0
22214,Book,1,417.0
22223,Book,4,418.0
22279,DVD,20,419.0
22311,Music,11,420.0
22395,Book,5,421.0
22447,Book,1,422.0
22478,Book,3,423.0
22530,Music,0,424.0
22555,Book,2,425.0
22695,Book,2,426.0
22764,Music,1,427.0
22776,Book,2,428.0
23103,Book,2,429.0
23365,Book,4,430.0
23368,Music,9,431.0
23437,Book,0,432.0
23546,Book,0,433.0
23557,Book,4,434.0
23618,Book,1,435.0
23788,Book,0,436.0
23789,Book,6,437.0
23857,Book,4,438.0
24036,Book,3,439.0
24097,Music,8,440.0
24110,Book,2,441.0
24156,Book,9,442.0
24321,Book,1,443.0
24379,Video,5,444.0
24383,Book,2,445.0
24385,Book,5,446.0
24507,Book,6,447.0
24624,Book,3,448.0
24636,Book,9,449.0
24648,Video,2,450.0
24662,Music,6,451.0
24683,Book,1,452.0
24798,Music,3,453.0
24804,DVD,8,454.0
24842,Book,8,455.0
24847,Music,3,456.0
24857,Book,2,457.0
24872,Music,2,458.0
24937,Book,0,459.0
24957,Book,2,460.0
25060,Book,5,461.0
25150,Book,6,462.0
25226,Book,3,463.0
25328,Book,3,464.0
25528,Book,2,465.0
25665,Music,3,466.0
25670,Book,1,467.0
25746,Book,5,468.0
25767,Book,1,469.0
25781,Book,5,470.0
25913,Book,2,471.0
26037,Book,2,472.0
26055,Book,4,473.0
26108,Book,5,474.0
26158,Book,2,475.0
26384,Book,6,476.0
26437,Book,4,477.0
26512,Music,4,478.0
26518,Book,4,479.0
26550,Book,5,480.0
26561,Music,7,481.0
26642,Book,0,482.0
26729,Book,4,483.0
26785,Book,8,484.0
26825,Book,0,485.0
26826,Book,4,486.0
26897,Music,6,487.0
26905,Book,4,488.0
27002,Video,1,489.0
27152,Music,46,490.0
27211,Video,12,491.0
27412,Music,9,492.0
27479,Book,5,493.0
27489,Book,11,494.0
27543,Music,6,495.0
27603,Music,0,496.0
27624,Book,1,497.0
27639,Book,1,498.0
27645,Book,4,499.0
27650,Book,7,500.0
27782,DVD,9,501.0
27845,Book,2,502.0
27981,Book,2,503.0
28008,DVD,9,504.0
28083,Book,1,505.0
28197,Book,8,506.0
28265,Book,7,507.0
28333,Book,3,508.0
28334,Video,4,509.0
28366,Book,3,510.0
28385,Book,3,511.0
28428,Book,4,512.0
28551,Book,5,513.0
28552,Book,1,514.0
28577,Book,1,515.0
28583,Video,5,516.0
28661,Book,10,517.0
28714,Book,5,518.0
28724,Book,3,519.0
28742,Book,2,520.0
28880,Music,9,521.0
29002,Video,22,522.0
29113,Book,2,523.0
29126,Music,3,524.0
29191,Book,4,525.0
29248,DVD,29,526.0
29256,Book,4,527.0
29257,Book,3,528.0
29370,Book,2,529.0
29452,Music,2,530.0
29575,Book,2,531.0
29576,Book,7,532.0
29580,Book,2,533.0
29752,Music,2,534.0
29767,DVD,16,535.0
29787,Book,4,536.0
29972,Book,2,537.0
29974,Music,7,538.0
29976,Book,5,539.0
30120,Music,4,540.0
30141,Music,3,541.0
30206,Book,4,542.0
30217,Book,7,543.0
30284,Book,2,544.0
30307,Book,3,545.0
30460,Music,4,546.0
30509,Book,5,547.0
30579,Book,0,548.0
30598,Book,2,549.0
30599,Book,7,550.0
30768,Book,2,551.0
30791,Music,2,552.0
30944,Music,3,553.0
30946,Book,0,554.0
30971,Book,2,555.0
31035,Book,2,556.0
31151,Music,5,557.0
31152,Music,5,558.0
31233,Book,4,559.0
31250,Book,3,560.0
31368,Book,16,561.0
31427,Music,2,562.0
31522,Book,6,563.0
31610,Book,5,564.0
31613,Book,4,565.0
31766,Book,4,566.0
31768,Book,5,567.0
31783,Book,0,568.0
31876,Book,8,569.0
32007,Music,2,570.0
32008,Book,4,571.0
32081,Book,4,572.0
32285,Book,3,573.0
32318,Music,7,574.0
32384,Book,3,575.0
32456,Book,0,576.0
32463,Book,7,577.0
32558,Book,3,578.0
32559,Book,5,579.0
32561,Book,3,580.0
32763,Book,0,581.0
32768,Book,3,582.0
32773,Book,2,583.0
32820,Book,4,584.0
32825,DVD,29,585.0
32873,Video,16,586.0
33217,Music,10,587.0
33288,Book,0,588.0
33359,DVD,21,589.0
33360,Music,1,590.0
33394,Book,3,591.0
33402,Book,3,592.0
33485,Book,2,593.0
33627,Book,3,594.0
33651,Book,1,595.0
33722,Music,1,596.0
33730,Book,3,597.0
33818,Book,2,598.0
33839,Book,4,599.0
33841,Music,8,600.0
33879,Music,11,601.0
34064,Book,4,602.0
34111,Music,1,603.0
34123,Book,1,604.0
34130,Book,8,605.0
34152,Book,2,606.0
34190,Book,2,607.0
34267,Book,4,608.0
34271,Book,4,609.0
34276,Book,2,610.0
34302,Video,9,611.0
34367,Book,3,612.0
34392,Book,8,613.0
34445,Book,5,614.0
34446,Book,2,615.0
34455,Book,2,616.0
34475,Music,2,617.0
34515,Book,3,618.0
34537,Book,0,619.0
34759,Book,2,620.0
34822,DVD,22,621.0
34950,Book,5,622.0
34994,Music,7,623.0
35345,Book,1,624.0
35351,Book,3,625.0
35422,Music,4,626.0
35669,Book,1,627.0
36045,Book,3,628.0
36046,Book,5,629.0
36051,Book,5,630.0
36252,Music,8,631.0
36255,Book,0,632.0
36289,Music,12,633.0
36319,Book,3,634.0
36484,Book,4,635.0
36508,Music,2,636.0
36549,Book,8,637.0
36586,DVD,24,638.0
36607,Book,6,639.0
36676,Music,7,640.0
36748,Book,7,641.0
36752,Book,1,642.0
36808,Book,5,643.0
36865,Book,4,644.0
37044,Book,6,645.0
37058,Music,30,646.0
37131,Book,0,647.0
37139,Book,3,648.0
37301,Book,3,649.0
37319,Video,16,650.0
37321,Video,15,651.0
37351,Video,15,652.0
37475,Music,4,653.0
37551,Book,3,654.0
37706,Book,1,655.0
37707,Music,7,656.0
37870,Book,6,657.0
37871,Music,3,658.0
37926,Book,1,659.0
37962,DVD,7,660.0
37965,Book,2,661.0
38027,Music,7,662.0
38042,Book,1,663.0
38151,Book,4,664.0
38248,Book,1,665.0
38250,Book,2,666.0
38468,Book,3,667.0
38699,Music,2,668.0
38700,Book,4,669.0
38743,Book,4,670.0
38837,Book,5,671.0
38839,Book,0,672.0
38919,Book,3,673.0
39009,Book,11,674.0
39038,Video,5,675.0
39112,Book,7,676.0
39113,Book,3,677.0
39266,Music,10,678.0
39284,Book,6,679.0
39286,Book,5,680.0
39378,Book,4,681.0
39855,Book,7,682.0
39863,Book,6,683.0
39927,Music,4,684.0
39988,Book,5,685.0
40018,Book,12,686.0
40104,Music,7,687.0
40128,Book,3,688.0
40129,Book,3,689.0
40259,Book,2,690.0
40453,Book,1,691.0
40486,Book,4,692.0
40543,Book,5,693.0
40549,Music,2,694.0
40550,Book,6,695.0
40564,Book,5,696.0
40592,Book,6,697.0
40788,Video,5,698.0
40789,Book,1,699.0
40790,Music,3,700.0
40843,Book,7,701.0
40874,Book,2,702.0
40931,Book,3,703.0
40936,Book,4,704.0
41010,Book,5,705.0
41085,Video,2,706.0
41187,Music,5,707.0
41189,Music,9,708.0
41265,Book,3,709.0
41270,Book,7,710.0
41287,Book,3,711.0
41544,Music,5,712.0
41621,Book,0,713.0
41768,Book,3,714.0
41863,Book,2,715.0
41981,Book,7,716.0
41994,Book,0,717.0
42089,Book,5,718.0
42175,Book,4,719.0
42268,Book,2,720.0
42426,Music,3,721.0
42452,Book,3,722.0
42455,Music,4,723.0
42510,Music,0,724.0
42567,Book,3,725.0
42610,Book,7,726.0
42689,Book,5,727.0
42705,Book,2,728.0
42713,Book,2,729.0
42719,Book,2,730.0
42724,Book,6,731.0
43005,Book,3,732.0
43063,Music,2,733.0
43085,Book,4,734.0
43289,Book,2,735.0
43308,Book,4,736.0
43345,Music,8,737.0
43659,Book,2,738.0
43730,Book,2,739.0
43739,Book,2,740.0
43832,Book,6,741.0
44193,Book,2,742.0
44253,Book,2,743.0
44255,Book,6,744.0
44269,Book,5,745.0
44402,Music,1,746.0
44506,Book,3,747.0
44637,Book,3,748.0
44677,Book,3,749.0
44738,Book,4,750.0
44741,Video,20,751.0
44911,DVD,8,752.0
44914,DVD,24,753.0
44916,Book,5,754.0
44921,Book,3,755.0
44964,Book,6,756.0
44985,Book,1,757.0
45010,Book,1,758.0
45039,Book,0,759.0
45072,Book,2,760.0
45171,Book,6,761.0
45295,Music,7,762.0
45339,Book,3,763.0
45375,Book,2,764.0
45376,Book,3,765.0
45405,Book,4,766.0
45438,Book,1,767.0
45444,Video,10,768.0
45445,Video,8,769.0
45558,Book,6,770.0
45592,Music,6,771.0
45670,Book,6,772.0
45681,Book,9,773.0
45682,DVD,15,774.0
45808,Book,3,775.0
45908,Book,0,776.0
45910,Book,5,777.0
46153,Book,0,778.0
46192,Music,4,779.0
46515,Book,2,780.0
46774,Book,3,781.0
46843,Book,6,782.0
46984,Book,4,783.0
47210,Book,8,784.0
47305,Book,1,785.0
47342,Book,6,786.0
47625,Book,1,787.0
47637,Book,10,788.0
47658,Book,2,789.0
47758,Book,3,790.0
47778,Music,3,791.0
47779,Book,3,792.0
47803,Book,1,793.0
47821,Book,2,794.0
47857,Book,0,795.0
48033,Book,4,796.0
48085,Book,4,797.0
48190,Music,5,798.0
48198,Book,4,799.0
48354,Book,0,800.0
48493,Book,2,801.0
48517,Music,6,802.0
48519,Book,2,803.0
48613,Book,4,804.0
48668,Book,1,805.0
48875,Book,3,806.0
48894,Book,3,807.0
48944,Book,5,808.0
49195,Book,4,809.0
49262,Book,6,810.0
49275,Book,5,811.0
49315,Book,3,812.0
49350,Book,3,813.0
49365,Book,4,814.0
49403,Book,3,815.0
49482,Book,1,816.0
49627,Music,8,817.0
49764,Book,5,818.0
49877,Music,0,819.0
49939,Book,2,820.0
49940,Book,3,821.0
49942,Book,0,822.0
49943,Book,3,823.0
49949,Book,2,824.0
50088,Book,5,825.0
50089,Book,2,826.0
50195,Book,4,827.0
50197,Music,6,828.0
50201,Music,0,829.0
50271,Book,5,830.0
50273,Music,4,831.0
50332,Video,23,832.0
50379,Book,2,833.0
50503,Book,2,834.0
50504,Book,1,835.0
50645,Book,4,836.0
50760,Music,2,837.0
50811,Video,2,838.0
50868,Music,2,839.0
50941,Book,4,840.0
50970,Music,4,841.0
51009,Book,2,842.0
51010,Book,7,843.0
51042,Book,5,844.0
51162,Book,3,845.0
51264,Book,5,846.0
51344,Video,16,847.0
51348,Music,16,848.0
51356,Book,11,849.0
51403,Book,4,850.0
51424,Book,2,851.0
51894,Music,5,852.0
51932,DVD,1,853.0
51946,Book,2,854.0
51977,Music,5,855.0
52065,Book,5,856.0
52066,Book,2,857.0
52069,Book,4,858.0
52076,Book,6,859.0
52130,Book,4,860.0
52303,Music,8,861.0
52398,Book,1,862.0
52407,Book,4,863.0
52429,Music,0,864.0
52441,Book,2,865.0
52473,Book,8,866.0
52574,Music,1,867.0
52606,Music,15,868.0
52608,Book,1,869.0
52656,Book,8,870.0
52710,Music,7,871.0
52759,Book,2,872.0
52773,Book,7,873.0
52865,Book,2,874.0
52917,Video,4,875.0
52939,Book,7,876.0
52958,Book,3,877.0
52966,Book,1,878.0
53283,Book,4,879.0
53284,Video,16,880.0
53565,Book,3,881.0
53598,DVD,4,882.0
53614,Book,2,883.0
53629,Book,1,884.0
53638,Book,5,885.0
53707,Music,2,886.0
53847,Music,9,887.0
53873,Book,4,888.0
53897,Book,10,889.0
53973,Book,2,890.0
54153,Book,6,891.0
54220,Book,4,892.0
54228,Book,8,893.0
54230,Book,6,894.0
54241,Book,5,895.0
54301,Book,5,896.0
54376,Book,5,897.0
54382,Music,3,898.0
54433,Music,1,899.0
54485,Book,4,900.0
54508,Book,4,901.0
54512,Book,1,902.0
54552,Music,6,903.0
54725,Book,2,904.0
54738,Book,5,905.0
54944,Book,3,906.0
55083,Book,0,907.0
55188,Book,8,908.0
55260,Book,3,909.0
55265,Book,3,910.0
55267,Book,5,911.0
55282,Book,5,912.0
55309,Music,3,913.0
55433,Book,1,914.0
55535,Book,14,915.0
55610,Book,5,916.0
55664,Book,0,917.0
55673,Book,1,918.0
55802,Music,3,919.0
55805,Book,3,920.0
55824,Book,3,921.0
55970,Book,4,922.0
55986,Book,11,923.0
56025,Book,2,924.0
56074,Book,1,925.0
56132,Music,3,926.0
56169,Book,4,927.0
56471,Video,14,928.0
56520,Music,7,929.0
56731,Book,3,930.0
56777,Book,10,931.0
56784,Music,5,932.0
56953,Book,4,933.0
57223,Book,1,934.0
57398,Book,0,935.0
57474,Music,2,936.0
57544,Book,4,937.0
57569,Book,0,938.0
57631,Book,2,939.0
57669,Book,1,940.0
57671,Book,2,941.0
57726,Book,1,942.0
57766,Book,2,943.0
57784,Book,11,944.0
57872,Book,2,945.0
57987,Book,1,946.0
58138,Book,5,947.0
58171,Music,3,948.0
58186,Video,5,949.0
58229,Book,3,950.0
58268,Music,0,951.0
58316,Book,1,952.0
58317,Book,4,953.0
58372,Book,2,954.0
58463,Book,3,955.0
58464,Book,2,956.0
58503,Book,4,957.0
58542,Book,2,958.0
58628,Book,1,959.0
58744,Book,3,960.0
58799,Book,3,961.0
58810,Music,6,962.0
58967,DVD,14,963.0
58979,DVD,5,964.0
59076,Book,5,965.0
59144,Book,3,966.0
59157,Book,5,967.0
59205,Book,7,968.0
59206,Book,2,969.0
59290,Book,2,970.0
59544,Book,1,971.0
59588,Book,5,972.0
59627,Book,4,973.0
59842,Book,7,974.0
59936,Book,1,975.0
59942,Book,2,976.0
60028,Book,10,977.0
60100,Book,1,978.0
60182,DVD,5,979.0
60251,Music,3,980.0
60414,Book,3,981.0
60418,Book,3,982.0
60439,Book,5,983.0
60449,Music,5,984.0
60541,Music,15,985.0
60702,Book,4,986.0
60758,Book,0,987.0
60794,Book,0,988.0
60861,Book,2,989.0
60880,DVD,25,990.0
60891,Book,3,991.0
60934,Music,2,992.0
60935,Music,8,993.0
61101,Music,4,994.0
61102,Book,3,995.0
61158,Book,5,996.0
61248,Book,1,997.0
61270,Book,1,998.0
61340,Book,3,999.0
61625,Video,6,1000.0
61691,Book,3,1001.0
61695,Video,1,1002.0
61697,Book,5,1003.0
61716,Book,6,1004.0
61783,Book,4,1005.0
61795,Book,3,1006.0
61834,Book,8,1007.0
61853,Book,4,1008.0
61921,Book,1,1009.0
62003,Book,3,1010.0
62115,DVD,9,1011.0
62329,Book,2,1012.0
62366,Video,16,1013.0
62588,Book,3,1014.0
62706,Book,3,1015.0
62716,Book,5,1016.0
63016,Book,4,1017.0
63033,Book,2,1018.0
63061,Music,1,1019.0
63063,Video,11,1020.0
63101,Book,2,1021.0
63184,Book,3,1022.0
63395,Video,11,1023.0
63397,Video,11,1024.0
63518,DVD,6,1025.0
63559,Book,5,1026.0
63563,Book,0,1027.0
63622,Book,4,1028.0
63626,Book,2,1029.0
63675,Book,2,1030.0
63691,Book,2,1031.0
63802,Music,20,1032.0
63848,Book,6,1033.0
63850,DVD,10,1034.0
63872,Video,20,1035.0
63902,Music,25,1036.0
63905,DVD,5,1037.0
63976,Book,0,1038.0
63977,Book,4,1039.0
63985,Music,4,1040.0
64117,Book,4,1041.0
64173,Book,2,1042.0
64181,Book,3,1043.0
64190,Book,1,1044.0
64210,Book,7,1045.0
64224,Video,22,1046.0
64502,Book,3,1047.0
64533,Book,3,1048.0
64646,Music,3,1049.0
64750,Book,3,1050.0
64814,Book,2,1051.0
65126,Book,3,1052.0
65140,Book,2,1053.0
65456,Book,5,1054.0
65579,Book,5,1055.0
65619,Book,5,1056.0
65636,Book,2,1057.0
65708,Music,6,1058.0
65715,Book,3,1059.0
65716,Music,13,1060.0
65875,Book,7,1061.0
66020,Book,4,1062.0
66158,Book,1,1063.0
66473,Book,3,1064.0
66549,Book,1,1065.0
66565,Book,8,1066.0
66616,Book,2,1067.0
66796,Video,4,1068.0
66823,Book,4,1069.0
66924,Music,5,1070.0
66951,Book,5,1071.0
66952,Book,4,1072.0
67019,Book,6,1073.0
67020,Book,4,1074.0
67157,Book,4,1075.0
67373,Book,7,1076.0
67533,DVD,9,1077.0
67540,Book,5,1078.0
67549,Book,3,1079.0
67630,Book,3,1080.0
67633,Book,1,1081.0
67710,Book,6,1082.0
67818,Music,4,1083.0
67857,Video,8,1084.0
67888,Book,1,1085.0
67927,Book,6,1086.0
67958,Music,8,1087.0
68302,Book,3,1088.0
68362,Book,5,1089.0
68440,Book,2,1090.0
68459,Book,2,1091.0
68481,Book,6,1092.0
68551,Book,3,1093.0
68553,Book,3,1094.0
68775,Music,4,1095.0
68933,Music,1,1096.0
68984,Book,2,1097.0
69000,Music,8,1098.0
69005,Book,6,1099.0
69184,Book,6,1100.0
69282,Video,15,1101.0
69411,Book,5,1102.0
69484,Book,4,1103.0
69485,Book,7,1104.0
69571,Book,6,1105.0
69576,Music,2,1106.0
69644,Book,4,1107.0
69668,Book,3,1108.0
69774,Book,2,1109.0
69916,Book,0,1110.0
69993,Music,10,1111.0
70036,Book,5,1112.0
70057,Book,3,1113.0
70259,Book,6,1114.0
70269,Music,5,1115.0
70275,Book,2,1116.0
70367,Book,5,1117.0
70461,Book,1,1118.0
70529,DVD,21,1119.0
70596,Book,3,1120.0
70627,Music,8,1121.0
70637,Music,4,1122.0
70642,Book,2,1123.0
70717,Book,2,1124.0
70724,Book,2,1125.0
70739,Book,2,1126.0
70747,Book,2,1127.0
70808,Book,6,1128.0
70834,Book,3,1129.0
70843,Video,12,1130.0
70931,Book,2,1131.0
71042,Music,2,1132.0
71043,Book,2,1133.0
71126,Book,3,1134.0
71151,Book,2,1135.0
71404,Music,0,1136.0
71412,Book,9,1137.0
71545,Book,2,1138.0
71601,Music,6,1139.0
71618,Book,8,1140.0
71669,Book,2,1141.0
71684,Book,2,1142.0
71850,Book,4,1143.0
71945,Music,1,1144.0
71982,Music,3,1145.0
71985,Book,8,1146.0
72097,Book,3,1147.0
72165,Book,3,1148.0
72237,Book,6,1149.0
72240,DVD,10,1150.0
72268,DVD,30,1151.0
72361,Book,3,1152.0
72366,Book,5,1153.0
72461,Book,2,1154.0
72468,Book,0,1155.0
72494,Book,3,1156.0
72501,DVD,19,1157.0
72554,Book,2,1158.0
72555,Book,5,1159.0
72639,DVD,20,1160.0
72674,Book,4,1161.0
72905,Book,4,1162.0
72917,Book,3,1163.0
73025,Music,2,1164.0
73028,Music,2,1165.0
73046,Book,2,1166.0
73201,Book,3,1167.0
73202,Book,10,1168.0
73252,Music,4,1169.0
73309,Music,1,1170.0
73335,Book,9,1171.0
73417,Music,9,1172.0
73429,Book,7,1173.0
73431,Book,3,1174.0
73491,Book,3,1175.0
73589,Book,1,1176.0
73686,Book,3,1177.0
73720,Book,6,1178.0
73865,Book,3,1179.0
73892,Book,0,1180.0
73893,Music,11,1181.0
73972,Video,6,1182.0
73975,Book,1,1183.0
74193,Book,6,1184.0
74219,Book,4,1185.0
74275,Book,1,1186.0
74315,Music,7,1187.0
74430,Music,2,1188.0
74442,Book,2,1189.0
74569,Book,4,1190.0
74643,Book,2,1191.0
74819,Book,1,1192.0
74862,Book,6,1193.0
74937,Music,1,1194.0
75003,Book,0,1195.0
75250,Book,2,1196.0
75395,Book,8,1197.0
75397,Video,6,1198.0
75398,Music,3,1199.0
75594,Book,2,1200.0
75650,Book,3,1201.0
75657,Book,3,1202.0
75713,Book,4,1203.0
75727,Music,5,1204.0
75805,Music,1,1205.0
75808,Book,3,1206.0
76072,Music,5,1207.0
76152,Book,2,1208.0
76330,Book,1,1209.0
76439,Book,3,1210.0
76473,Book,2,1211.0
76524,Book,5,1212.0
76611,DVD,12,1213.0
76761,Book,5,1214.0
76917,Book,1,1215.0
77048,Music,5,1216.0
77120,Book,2,1217.0
77235,Book,6,1218.0
77266,Book,5,1219.0
77279,Book,2,1220.0
77357,Video,11,1221.0
77407,Music,0,1222.0
77486,Book,4,1223.0
77584,Book,5,1224.0
77647,Book,1,1225.0
77772,Book,5,1226.0
77774,Book,3,1227.0
77799,Book,1,1228.0
77816,Music,17,1229.0
77885,Book,1,1230.0
77957,Video,3,1231.0
77968,Book,4,1232.0
78010,Book,7,1233.0
78084,Music,4,1234.0
78141,Book,8,1235.0
78142,Book,4,1236.0
78160,Book,3,1237.0
78186,Book,0,1238.0
78269,Video,4,1239.0
78283,DVD,14,1240.0
78493,Book,1,1241.0
78522,Book,2,1242.0
78660,Music,5,1243.0
78753,Music,1,1244.0
78799,DVD,18,1245.0
78922,Book,3,1246.0
79060,Music,4,1247.0
79120,Book,4,1248.0
79146,Music,3,1249.0
79176,Book,2,1250.0
79186,DVD,14,1251.0
79224,Book,2,1252.0
79237,Book,3,1253.0
79277,Music,4,1254.0
79279,Book,6,1255.0
79290,Book,1,1256.0
79406,Video,22,1257.0
79432,Book,4,1258.0
79464,Book,3,1259.0
79622,Music,1,1260.0
79629,Book,3,1261.0
79636,Book,4,1262.0
79714,Book,3,1263.0
79878,Book,1,1264.0
79977,Book,4,1265.0
80010,Book,5,1266.0
80091,Book,4,1267.0
80105,Music,7,1268.0
80117,Book,4,1269.0
80367,Book,1,1270.0
80394,Music,14,1271.0
80665,Book,3,1272.0
80711,Book,8,1273.0
80842,Music,5,1274.0
81010,Book,1,1275.0
81036,Book,3,1276.0
81048,Book,2,1277.0
81086,Book,2,1278.0
81154,Book,2,1279.0
81155,Book,3,1280.0
81243,Music,9,1281.0
81265,Book,2,1282.0
81286,Book,4,1283.0
81417,DVD,6,1284.0
81473,Video,2,1285.0
81516,Book,5,1286.0
81652,Book,3,1287.0
81753,Music,4,1288.0
81771,Book,2,1289.0
81773,Book,4,1290.0
81793,DVD,15,1291.0
81803,DVD,2,1292.0
81878,Book,2,1293.0
81897,Book,2,1294.0
82006,Book,1,1295.0
82062,Book,4,1296.0
82135,Book,4,1297.0
82233,Book,4,1298.0
82349,Book,1,1299.0
82439,Book,3,1300.0
82476,Book,2,1301.0
82617,Book,9,1302.0
82661,Book,1,1303.0
82823,Book,3,1304.0
82912,Book,3,1305.0
82927,Music,3,1306.0
83112,Music,0,1307.0
83131,Book,6,1308.0
83151,DVD,3,1309.0
83152,Book,2,1310.0
83172,Book,3,1311.0
83232,Book,1,1312.0
83344,Book,4,1313.0
83345,Book,3,1314.0
83354,Music,3,1315.0
83391,Book,4,1316.0
83414,Music,6,1317.0
83443,Book,1,1318.0
83537,Book,4,1319.0
83742,Book,3,1320.0
83865,Book,7,1321.0
83866,Music,5,1322.0
84007,Book,1,1323.0
84008,Book,4,1324.0
84083,Book,2,1325.0
84088,Book,1,1326.0
84109,Book,3,1327.0
84112,Music,4,1328.0
84118,Music,2,1329.0
84131,Book,2,1330.0
84144,Book,4,1331.0
84275,Music,6,1332.0
84283,Book,2,1333.0
84353,Music,6,1334.0
84624,Book,3,1335.0
84644,Book,0,1336.0
84647,Book,2,1337.0
84737,Book,4,1338.0
84791,Book,3,1339.0
84796,Music,2,1340.0
84808,Book,5,1341.0
84925,Book,3,1342.0
84958,Book,3,1343.0
85006,Book,2,1344.0
85105,Book,4,1345.0
85169,Music,1,1346.0
85247,Book,3,1347.0
85288,Music,4,1348.0
85450,Book,1,1349.0
85523,Book,3,1350.0
85528,Book,0,1351.0
85539,Music,1,1352.0
85582,Book,6,1353.0
85661,Music,4,1354.0
85732,Book,3,1355.0
85779,Book,1,1356.0
85780,Music,2,1357.0
85881,Book,3,1358.0
85963,Book,1,1359.0
85970,Book,3,1360.0
85972,Book,4,1361.0
86106,Book,4,1362.0
86140,Book,8,1363.0
86163,Video,11,1364.0
86200,Music,10,1365.0
86218,Book,1,1366.0
86240,Book,4,1367.0
86285,Music,4,1368.0
86333,Book,6,1369.0
86392,Book,4,1370.0
86421,Book,6,1371.0
86637,Music,6,1372.0
86638,Book,1,1373.0
86693,Book,5,1374.0
86702,Video,20,1375.0
86823,Music,3,1376.0
86955,Video,0,1377.0
86984,Book,3,1378.0
87340,Book,4,1379.0
87365,Book,6,1380.0
87385,Music,4,1381.0
87486,Book,2,1382.0
87513,Book,7,1383.0
87595,Music,3,1384.0
87635,Book,5,1385.0
87637,Music,2,1386.0
87640,Music,3,1387.0
87807,Music,4,1388.0
87950,Book,9,1389.0
88022,Book,6,1390.0
88024,Book,1,1391.0
88051,Book,4,1392.0
88052,Book,8,1393.0
88085,Book,6,1394.0
88166,Video,8,1395.0
88254,Book,2,1396.0
88324,Book,3,1397.0
88394,Book,3,1398.0
88482,Book,4,1399.0
88504,Book,4,1400.0
88643,Book,3,1401.0
88920,Book,6,1402.0
88942,Book,1,1403.0
88989,Video,1,1404.0
89067,Book,4,1405.0
89294,Book,6,1406.0
89313,Book,2,1407.0
89323,Book,8,1408.0
89417,Book,1,1409.0
89566,Book,2,1410.0
89567,Book,1,1411.0
89591,Book,3,1412.0
89704,Book,4,1413.0
89757,Book,4,1414.0
89790,Book,5,1415.0
89813,Music,5,1416.0
89838,Book,3,1417.0
90010,Book,3,1418.0
90070,Video,12,1419.0
90077,Book,5,1420.0
90086,Video,2,1421.0
90158,Book,3,1422.0
90159,Music,3,1423.0
90244,Book,6,1424.0
90268,Music,29,1425.0
90298,Book,0,1426.0
90299,Book,2,1427.0
90331,Book,4,1428.0
90395,Book,2,1429.0
90431,Book,4,1430.0
90638,Music,6,1431.0
90671,Book,6,1432.0
90756,Book,3,1433.0
90858,Music,3,1434.0
90933,Book,2,1435.0
90997,Book,2,1436.0
91018,Book,6,1437.0
91039,DVD,4,1438.0
91059,Music,9,1439.0
91088,Book,1,1440.0
91331,Music,6,1441.0
91338,Music,4,1442.0
91444,Book,4,1443.0
91445,DVD,10,1444.0
91497,Book,8,1445.0
91502,Book,3,1446.0
91553,Book,2,1447.0
91681,Music,4,1448.0
91762,Music,6,1449.0
91785,Music,5,1450.0
92041,Video,3,1451.0
92236,Book,6,1452.0
92482,Book,3,1453.0
92659,Music,6,1454.0
92814,Music,7,1455.0
92974,Video,18,1456.0
93027,Book,3,1457.0
93036,Book,1,1458.0
93187,Book,8,1459.0
93196,Book,8,1460.0
93214,Music,9,1461.0
93233,Book,0,1462.0
93269,Book,3,1463.0
93295,Book,5,1464.0
93373,Book,4,1465.0
93375,Video,9,1466.0
93383,Book,1,1467.0
93447,Music,2,1468.0
93465,Book,3,1469.0
93505,Book,12,1470.0
93548,Book,3,1471.0
93554,Book,5,1472.0
93635,Book,5,1473.0
93756,Book,0,1474.0
93764,Book,5,1475.0
93790,Book,2,1476.0
93929,Book,2,1477.0
94084,Music,5,1478.0
94140,Book,2,1479.0
94141,Book,7,1480.0
94262,Book,1,1481.0
94269,Book,3,1482.0
94293,Book,1,1483.0
94442,Book,3,1484.0
94459,Book,2,1485.0
94525,Book,3,1486.0
94572,Book,5,1487.0
94578,Book,8,1488.0
94590,DVD,29,1489.0
94610,Music,1,1490.0
94701,Book,1,1491.0
94729,Book,0,1492.0
94730,Book,2,1493.0
94750,Book,4,1494.0
94811,Book,3,1495.0
94863,Book,6,1496.0
94865,Book,8,1497.0
95007,Book,3,1498.0
95031,Book,6,1499.0
95149,Book,2,1500.0
95228,Music,5,1501.0
95343,Music,18,1502.0
95420,Book,5,1503.0
95460,Book,2,1504.0
95500,Book,4,1505.0
95512,Book,7,1506.0
95526,Book,3,1507.0
95576,Book,3,1508.0
95603,Book,9,1509.0
95606,Book,8,1510.0
95676,Music,31,1511.0
95698,Book,3,1512.0
95719,DVD,13,1513.0
95721,DVD,19,1514.0
95757,Book,4,1515.0
95793,Music,7,1516.0
95814,Book,8,1517.0
95846,Book,3,1518.0
95851,Book,4,1519.0
95875,Book,3,1520.0
95971,Book,6,1521.0
96010,Book,2,1522.0
96066,Book,2,1523.0
96073,Book,3,1524.0
96242,Book,2,1525.0
96254,Book,10,1526.0
96295,Book,1,1527.0
96346,Book,6,1528.0
96393,Video,15,1529.0
96426,Book,3,1530.0
96461,Book,2,1531.0
96549,DVD,29,1532.0
96551,DVD,20,1533.0
96567,Music,7,1534.0
96625,Book,3,1535.0
96666,Book,12,1536.0
96813,Video,15,1537.0
96815,Music,4,1538.0
96929,Book,5,1539.0
97033,Music,0,1540.0
97135,Book,7,1541.0
97199,DVD,9,1542.0
97259,Book,0,1543.0
97310,Book,1,1544.0
97370,Book,2,1545.0
97391,Book,3,1546.0
97394,Book,4,1547.0
97451,Book,2,1548.0
97514,Music,2,1549.0
97564,Book,3,1550.0
97710,DVD,18,1551.0
97722,Music,10,1552.0
97746,DVD,27,1553.0
97829,Book,1,1554.0
97983,Book,2,1555.0
97984,Book,2,1556.0
97994,Book,1,1557.0
98024,Book,2,1558.0
98060,Video,4,1559.0
98102,Book,3,1560.0
98178,Book,5,1561.0
98295,Book,1,1562.0
98473,Book,4,1563.0
98474,Book,4,1564.0
98564,Book,1,1565.0
98624,Book,3,1566.0
98647,Book,3,1567.0
98695,Book,7,1568.0
98740,Book,0,1569.0
98862,Book,10,1570.0
99068,Book,0,1571.0
99118,Book,4,1572.0
99270,Book,3,1573.0
99327,Book,4,1574.0
99425,Book,4,1575.0
99455,Book,6,1576.0
99490,Music,3,1577.0
99554,Book,0,1578.0
99595,Music,3,1579.0
99731,Music,5,1580.0
99782,Book,3,1581.0
99787,Book,2,1582.0
99864,Book,12,1583.0
99865,Book,3,1584.0
99955,Book,2,1585.0
100048,Book,2,1586.0
100144,Book,6,1587.0
100147,Book,4,1588.0
100186,Book,11,1589.0
100315,Book,2,1590.0
100318,Book,2,1591.0
100613,Music,3,1592.0
100713,Video,15,1593.0
100829,Book,2,1594.0
100854,Music,7,1595.0
101087,Book,7,1596.0
101094,Book,8,1597.0
101139,Book,3,1598.0
101150,Book,1,1599.0
101316,Book,4,1600.0
101354,Music,5,1601.0
101368,Book,5,1602.0
101379,Book,2,1603.0
101904,Book,4,1604.0
102107,Book,1,1605.0
102193,Video,16,1606.0
102235,Book,0,1607.0
102320,Book,12,1608.0
102423,Video,2,1609.0
102563,Book,5,1610.0
102609,Book,2,1611.0
102634,DVD,5,1612.0
102642,Book,5,1613.0
102643,Music,8,1614.0
102768,Book,2,1615.0
102816,Book,2,1616.0
102894,Book,7,1617.0
102930,Music,5,1618.0
103037,Book,3,1619.0
103072,Video,5,1620.0
103097,Book,2,1621.0
103101,Music,29,1622.0
103118,Music,11,1623.0
103250,Book,7,1624.0
103282,Book,8,1625.0
103313,Book,4,1626.0
103381,Book,5,1627.0
103396,Music,1,1628.0
103450,Book,6,1629.0
103638,Book,1,1630.0
103672,Book,3,1631.0
103674,Book,9,1632.0
103729,Book,2,1633.0
103745,Book,4,1634.0
103747,Book,4,1635.0
103795,DVD,12,1636.0
103967,Book,2,1637.0
104006,Book,4,1638.0
104030,Book,3,1639.0
104076,Book,2,1640.0
104083,Music,10,1641.0
104188,Video,16,1642.0
104239,Video,3,1643.0
104445,Book,5,1644.0
104453,Book,1,1645.0
104455,Book,2,1646.0
104481,Book,8,1647.0
104487,Book,1,1648.0
104532,Book,1,1649.0
104536,Video,3,1650.0
104823,Music,5,1651.0
104844,Book,8,1652.0
104854,Book,4,1653.0
104959,Book,1,1654.0
105000,Book,6,1655.0
105012,DVD,6,1656.0
105091,Music,5,1657.0
105237,Book,4,1658.0
105245,Video,14,1659.0
105307,Music,1,1660.0
105320,Book,1,1661.0
105338,Book,7,1662.0
105395,Video,18,1663.0
105418,Book,6,1664.0
105420,Book,4,1665.0
105454,Book,2,1666.0
105493,Book,6,1667.0
105510,Music,3,1668.0
105512,Book,4,1669.0
105544,Book,3,1670.0
105565,Book,3,1671.0
105638,Book,4,1672.0
105640,Music,1,1673.0
105969,Video,8,1674.0
106064,Book,2,1675.0
106299,Book,2,1676.0
106421,Music,13,1677.0
106425,Music,4,1678.0
106455,Book,5,1679.0
106534,Book,2,1680.0
106540,Book,4,1681.0
106596,Book,0,1682.0
106597,DVD,8,1683.0
106967,Book,2,1684.0
107014,Book,5,1685.0
107017,Book,2,1686.0
107033,Music,4,1687.0
107073,Book,5,1688.0
107180,Video,5,1689.0
107185,Book,1,1690.0
107186,Video,15,1691.0
107202,Book,3,1692.0
107226,Book,5,1693.0
107227,Music,5,1694.0
107389,Book,2,1695.0
107442,Music,5,1696.0
107532,Music,4,1697.0
107552,Book,6,1698.0
107602,Book,2,1699.0
107811,Book,6,1700.0
107934,Book,1,1701.0
107964,Book,4,1702.0
107966,Book,8,1703.0
107998,Book,1,1704.0
108040,Book,4,1705.0
108082,Book,3,1706.0
108193,Music,2,1707.0
108335,Book,1,1708.0
108395,Music,2,1709.0
108436,Video,9,1710.0
108439,Video,9,1711.0
108485,DVD,8,1712.0
108488,Book,8,1713.0
108492,Book,2,1714.0
108551,Video,14,1715.0
108592,Video,15,1716.0
108749,Video,17,1717.0
108797,Book,2,1718.0
108872,Music,1,1719.0
108882,Book,2,1720.0
108895,Video,4,1721.0
109265,Book,2,1722.0
109300,Music,0,1723.0
109309,Book,4,1724.0
109363,Music,2,1725.0
109562,Music,13,1726.0
109651,Book,3,1727.0
109655,Book,2,1728.0
109688,Book,4,1729.0
109784,Book,3,1730.0
109925,Book,3,1731.0
109973,Book,3,1732.0
109974,Book,3,1733.0
110048,Book,3,1734.0
110153,Book,14,1735.0
110233,Book,1,1736.0
110292,Book,5,1737.0
110312,Book,3,1738.0
110364,Book,2,1739.0
110372,Music,1,1740.0
110578,Book,2,1741.0
110673,Music,4,1742.0
110725,Video,8,1743.0
110811,Book,3,1744.0
110822,Video,13,1745.0
110833,Music,8,1746.0
110839,Book,4,1747.0
111014,Book,0,1748.0
111015,Book,1,1749.0
111102,Book,4,1750.0
111241,Book,1,1751.0
111265,Book,2,1752.0
111371,Book,5,1753.0
111460,Music,1,1754.0
111529,Book,2,1755.0
111706,DVD,16,1756.0
111708,Video,6,1757.0
111810,Book,3,1758.0
111876,Book,3,1759.0
111960,Book,4,1760.0
112227,Book,2,1761.0
112265,Book,6,1762.0
112266,Book,10,1763.0
112393,Book,2,1764.0
112609,Music,1,1765.0
112676,Book,3,1766.0
112678,Book,2,1767.0
112717,Video,3,1768.0
112736,Book,5,1769.0
112746,Book,4,1770.0
112843,Book,9,1771.0
112946,Book,2,1772.0
113052,Music,4,1773.0
113106,Book,4,1774.0
113213,Book,2,1775.0
113214,Book,4,1776.0
113252,Music,7,1777.0
113448,Book,4,1778.0
113626,Book,4,1779.0
113653,Book,3,1780.0
113746,Book,3,1781.0
113808,Music,1,1782.0
113820,Book,0,1783.0
113874,Book,2,1784.0
113879,Book,8,1785.0
113880,Book,3,1786.0
113907,Book,4,1787.0
113909,Book,4,1788.0
113932,Book,3,1789.0
113996,Book,0,1790.0
114189,DVD,9,1791.0
114191,DVD,2,1792.0
114286,Music,5,1793.0
114349,Music,4,1794.0
114376,DVD,29,1795.0
114631,Book,0,1796.0
114678,Book,1,1797.0
114729,Book,4,1798.0
114814,Book,3,1799.0
114868,Book,3,1800.0
114999,Book,2,1801.0
115086,Book,2,1802.0
115179,Book,4,1803.0
115210,Book,4,1804.0
115278,Video,4,1805.0
115280,Book,4,1806.0
115283,DVD,34,1807.0
115364,Book,5,1808.0
115454,Book,5,1809.0
115506,Book,5,1810.0
115525,Music,15,1811.0
115601,Book,4,1812.0
115603,Book,4,1813.0
115779,Book,13,1814.0
115899,Book,16,1815.0
116192,Book,4,1816.0
116241,Music,1,1817.0
116306,Book,4,1818.0
116327,Book,3,1819.0
116390,Book,2,1820.0
116511,Book,5,1821.0
116512,Book,4,1822.0
116522,Book,2,1823.0
116646,Book,2,1824.0
116647,Book,3,1825.0
116673,Book,4,1826.0
116728,Book,6,1827.0
116884,Music,6,1828.0
116967,Music,3,1829.0
117100,Book,3,1830.0
117167,Book,3,1831.0
117303,Music,2,1832.0
117424,Book,5,1833.0
117440,Music,6,1834.0
117556,Music,10,1835.0
117614,Music,19,1836.0
117649,Book,2,1837.0
117652,Book,0,1838.0
117767,Book,11,1839.0
117774,Book,3,1840.0
117930,DVD,7,1841.0
117937,Video,5,1842.0
117958,Book,0,1843.0
117991,Book,8,1844.0
117995,Book,6,1845.0
118037,Book,2,1846.0
118089,Book,5,1847.0
118126,DVD,9,1848.0
118334,Music,1,1849.0
118524,Video,12,1850.0
118568,Book,2,1851.0
118727,Book,4,1852.0
118737,Book,7,1853.0
118746,Book,3,1854.0
118941,Book,5,1855.0
118958,Book,8,1856.0
119142,Book,6,1857.0
119172,Book,6,1858.0
119192,Music,2,1859.0
119313,Music,16,1860.0
119314,Music,23,1861.0
119323,Book,6,1862.0
119326,DVD,10,1863.0
119340,Book,12,1864.0
119341,Music,3,1865.0
119416,Book,2,1866.0
119441,Music,4,1867.0
119443,Book,1,1868.0
119513,Music,3,1869.0
119514,Music,3,1870.0
119591,Book,5,1871.0
119592,Book,4,1872.0
119923,Music,2,1873.0
120060,Book,5,1874.0
120206,Book,2,1875.0
120451,Book,3,1876.0
120520,Book,5,1877.0
120522,Book,8,1878.0
120530,Book,1,1879.0
120580,Book,6,1880.0
120657,Book,8,1881.0
120665,Book,4,1882.0
120726,Book,4,1883.0
120728,Music,1,1884.0
120903,Book,3,1885.0
120920,Book,7,1886.0
121009,Book,6,1887.0
121047,Book,6,1888.0
121159,Music,3,1889.0
121311,Book,3,1890.0
121333,Book,10,1891.0
121418,Book,5,1892.0
121444,Music,3,1893.0
121592,Book,3,1894.0
121596,Book,3,1895.0
121748,Music,21,1896.0
121788,Music,1,1897.0
121824,Book,5,1898.0
121832,Book,3,1899.0
121878,Book,4,1900.0
121879,Book,0,1901.0
122050,Music,7,1902.0
122092,Book,2,1903.0
122151,Book,2,1904.0
122273,Book,2,1905.0
122395,Music,3,1906.0
122519,Book,2,1907.0
122592,Music,5,1908.0
122705,Book,4,1909.0
122798,Book,3,1910.0
122906,Book,10,1911.0
122990,Book,3,1912.0
123080,Book,1,1913.0
123093,Music,1,1914.0
123140,Book,2,1915.0
123164,Music,5,1916.0
123175,Book,1,1917.0
123191,Music,0,1918.0
123208,Book,5,1919.0
123210,Book,2,1920.0
123273,Book,6,1921.0
123331,Book,5,1922.0
123447,Music,4,1923.0
123550,Book,6,1924.0
123638,Book,5,1925.0
123936,Book,4,1926.0
123939,Music,2,1927.0
124030,Book,2,1928.0
124225,Book,4,1929.0
124344,Book,4,1930.0
124590,Music,1,1931.0
124713,Book,2,1932.0
124726,Music,2,1933.0
124831,Music,10,1934.0
124888,Book,0,1935.0
124959,Book,3,1936.0
124973,Book,3,1937.0
124985,Book,1,1938.0
125095,Music,1,1939.0
125110,Video,18,1940.0
125111,Book,3,1941.0
125327,Book,2,1942.0
125375,Book,4,1943.0
125386,Book,7,1944.0
125404,Book,7,1945.0
125586,Book,5,1946.0
125848,Music,6,1947.0
125861,Book,6,1948.0
126184,Book,3,1949.0
126186,DVD,4,1950.0
126291,Book,1,1951.0
126396,Book,8,1952.0
126443,Book,4,1953.0
126558,Book,4,1954.0
126750,Book,3,1955.0
126780,Book,2,1956.0
126784,Book,4,1957.0
126822,Music,3,1958.0
126909,Book,6,1959.0
126972,Music,8,1960.0
127201,Music,4,1961.0
127224,Music,2,1962.0
127341,Book,1,1963.0
127395,Book,2,1964.0
127528,Music,4,1965.0
127584,Book,6,1966.0
127638,Music,14,1967.0
127639,Book,3,1968.0
127720,Book,2,1969.0
127722,Music,8,1970.0
127797,Book,4,1971.0
127825,Book,7,1972.0
127981,Music,0,1973.0
127992,Video,2,1974.0
128025,Music,3,1975.0
128196,Book,1,1976.0
128285,Book,3,1977.0
128541,Book,0,1978.0
128586,Music,1,1979.0
128809,Book,4,1980.0
128957,Music,20,1981.0
129031,Book,7,1982.0
129107,Book,4,1983.0
129117,Book,4,1984.0
129220,Music,3,1985.0
129391,Book,3,1986.0
129408,Music,6,1987.0
129860,Book,3,1988.0
129987,Book,4,1989.0
130128,Book,1,1990.0
130146,Book,6,1991.0
130283,Book,1,1992.0
130351,Book,2,1993.0
130390,Book,2,1994.0
130403,Book,3,1995.0
130417,Book,6,1996.0
130432,Book,0,1997.0
130531,Music,4,1998.0
130538,Book,5,1999.0
130541,Book,2,2000.0
130628,DVD,12,2001.0
130778,Book,10,2002.0
130806,Book,1,2003.0
130821,Book,7,2004.0
130848,Book,3,2005.0
130891,Book,1,2006.0
131160,Book,2,2007.0
131382,Music,22,2008.0
131529,Book,2,2009.0
131553,Book,3,2010.0
131596,Book,1,2011.0
131664,Book,3,2012.0
131727,Book,4,2013.0
131815,Book,3,2014.0
131918,Book,2,2015.0
131974,Book,1,2016.0
132066,Book,0,2017.0
132431,Book,2,2018.0
132477,Book,5,2019.0
132564,Book,6,2020.0
132596,Video,6,2021.0
132661,Book,2,2022.0
132705,Music,9,2023.0
132750,DVD,13,2024.0
132825,Book,4,2025.0
132847,Video,3,2026.0
132935,Book,2,2027.0
133090,Book,5,2028.0
133218,Music,2,2029.0
133220,Music,4,2030.0
133245,Video,8,2031.0
133336,Book,3,2032.0
133370,Book,2,2033.0
133384,Book,2,2034.0
133599,Book,4,2035.0
133633,Book,0,2036.0
133684,Book,8,2037.0
133758,Music,6,2038.0
133930,Music,4,2039.0
134169,Book,6,2040.0
134174,Book,2,2041.0
134176,Music,0,2042.0
134191,Book,5,2043.0
134259,Book,3,2044.0
134604,Book,4,2045.0
134605,Book,6,2046.0
134618,Book,11,2047.0
134762,Music,3,2048.0
134767,Book,4,2049.0
134768,Book,2,2050.0
134827,Book,6,2051.0
134862,Book,4,2052.0
134937,Book,3,2053.0
134938,Book,4,2054.0
134978,Book,4,2055.0
135015,Book,4,2056.0
135044,Book,6,2057.0
135073,Book,2,2058.0
135125,Book,2,2059.0
135272,Book,1,2060.0
135340,Book,5,2061.0
135467,Book,3,2062.0
135812,Book,1,2063.0
135912,Music,4,2064.0
135916,Music,7,2065.0
136050,Book,4,2066.0
136083,Book,1,2067.0
136084,Book,4,2068.0
136336,Music,4,2069.0
136339,Music,15,2070.0
136350,Music,1,2071.0
136435,Music,5,2072.0
136436,Book,1,2073.0
136509,Book,8,2074.0
136576,Book,3,2075.0
136580,Book,2,2076.0
136625,Music,5,2077.0
136628,Music,2,2078.0
136630,Music,4,2079.0
136699,Book,5,2080.0
136756,Book,5,2081.0
136803,Book,2,2082.0
136819,Book,4,2083.0
136820,Book,5,2084.0
136892,Music,17,2085.0
136897,Book,0,2086.0
136934,Book,5,2087.0
137007,Book,5,2088.0
137129,Music,25,2089.0
137151,Book,2,2090.0
137284,Book,10,2091.0
137361,Book,4,2092.0
137373,Book,2,2093.0
137560,Book,2,2094.0
137759,Music,3,2095.0
137815,Book,1,2096.0
137891,Music,4,2097.0
137902,Book,6,2098.0
137965,Book,6,2099.0
137971,Music,4,2100.0
138031,Book,4,2101.0
138091,Book,3,2102.0
138096,Book,2,2103.0
138171,Book,2,2104.0
138251,Book,1,2105.0
138272,Music,7,2106.0
138346,Book,3,2107.0
138390,Book,1,2108.0
138394,Music,4,2109.0
138420,Book,3,2110.0
138648,Video,11,2111.0
138691,Book,3,2112.0
138745,DVD,31,2113.0
138757,Music,6,2114.0
138831,Book,3,2115.0
139103,Book,1,2116.0
139157,Video,4,2117.0
139333,Video,4,2118.0
139338,Book,4,2119.0
139428,Book,5,2120.0
139482,Video,7,2121.0
139600,Book,3,2122.0
139601,Book,4,2123.0
139644,Book,3,2124.0
139660,Book,4,2125.0
139992,Music,2,2126.0
140118,Music,2,2127.0
140174,Music,4,2128.0
140176,Music,5,2129.0
140251,Book,1,2130.0
140437,Book,7,2131.0
140511,Book,4,2132.0
140512,Music,9,2133.0
140515,Book,21,2134.0
140612,Book,1,2135.0
140627,Book,4,2136.0
140638,Book,4,2137.0
140904,Book,5,2138.0
140951,Music,3,2139.0
141017,Book,7,2140.0
141025,Book,2,2141.0
141152,DVD,21,2142.0
141289,DVD,3,2143.0
141397,Book,0,2144.0
141461,Book,2,2145.0
141468,Music,2,2146.0
141548,Book,5,2147.0
141612,Book,6,2148.0
141773,Book,3,2149.0
141774,Book,4,2150.0
141822,Video,3,2151.0
141898,Book,1,2152.0
141939,Book,1,2153.0
142029,DVD,8,2154.0
142042,Book,4,2155.0
142205,Book,2,2156.0
142217,Book,4,2157.0
142377,Book,6,2158.0
142459,Book,3,2159.0
142471,DVD,15,2160.0
142554,Book,3,2161.0
142585,Book,2,2162.0
142588,Book,5,2163.0
142602,Music,2,2164.0
142658,Book,5,2165.0
142998,Music,4,2166.0
142999,Music,2,2167.0
143002,Music,11,2168.0
143019,Music,1,2169.0
143049,DVD,11,2170.0
143052,Music,3,2171.0
143150,Book,2,2172.0
143270,Book,5,2173.0
143296,DVD,19,2174.0
143447,Book,4,2175.0
143548,Book,4,2176.0
143557,Book,3,2177.0
143723,Book,5,2178.0
143724,Book,5,2179.0
143745,Book,3,2180.0
143764,Music,9,2181.0
143862,Music,5,2182.0
143964,Book,2,2183.0
144143,Music,3,2184.0
144144,Music,9,2185.0
144197,Book,2,2186.0
144250,DVD,28,2187.0
144297,Book,1,2188.0
144397,Book,2,2189.0
144685,Book,3,2190.0
144734,Book,5,2191.0
144761,Music,4,2192.0
144822,Music,9,2193.0
144896,Book,3,2194.0
144927,Book,1,2195.0
145083,Book,6,2196.0
145101,Book,2,2197.0
145160,Book,3,2198.0
145214,Book,18,2199.0
145353,Book,6,2200.0
145372,Book,2,2201.0
145499,Book,9,2202.0
145586,Music,3,2203.0
145596,Book,1,2204.0
145825,Book,9,2205.0
145873,Book,2,2206.0
146003,Book,11,2207.0
146023,Book,10,2208.0
146031,Video,3,2209.0
146044,Book,0,2210.0
146070,Book,4,2211.0
146071,Book,1,2212.0
146185,Music,2,2213.0
146280,Book,1,2214.0
146360,Book,2,2215.0
146388,Book,5,2216.0
146569,Book,4,2217.0
146651,Book,1,2218.0
146745,Book,1,2219.0
146752,Book,3,2220.0
146800,Book,6,2221.0
146873,Book,4,2222.0
146880,Book,2,2223.0
146883,Music,5,2224.0
146888,Book,3,2225.0
146923,Music,10,2226.0
147006,Book,2,2227.0
147041,Book,2,2228.0
147068,Book,3,2229.0
147098,Book,8,2230.0
147107,Music,9,2231.0
147162,Book,3,2232.0
147347,Book,4,2233.0
147409,Book,5,2234.0
147419,Book,5,2235.0
147445,Book,4,2236.0
147447,Book,6,2237.0
147490,Book,3,2238.0
147493,Book,1,2239.0
147497,Music,25,2240.0
147499,Music,2,2241.0
147715,Book,3,2242.0
147798,Book,5,2243.0
147975,Video,3,2244.0
147992,Book,1,2245.0
148067,Book,3,2246.0
148082,Music,3,2247.0
148208,Music,7,2248.0
148230,Book,4,2249.0
148349,Book,4,2250.0
148382,Music,4,2251.0
148452,Book,3,2252.0
148463,Book,2,2253.0
148474,Book,3,2254.0
148636,Book,2,2255.0
148805,Book,3,2256.0
148807,Book,6,2257.0
148861,Book,2,2258.0
148867,Music,2,2259.0
148882,Music,3,2260.0
148922,Book,7,2261.0
148943,Music,5,2262.0
148964,Book,4,2263.0
149014,Book,4,2264.0
149134,Book,11,2265.0
149218,DVD,5,2266.0
149328,Book,7,2267.0
149381,Book,2,2268.0
149585,Book,5,2269.0
149704,Book,2,2270.0
149796,Book,4,2271.0
149886,Book,2,2272.0
150010,Book,6,2273.0
150039,Book,6,2274.0
150044,Book,4,2275.0
150201,Book,4,2276.0
150202,Book,4,2277.0
150306,Book,0,2278.0
150322,Book,3,2279.0
150429,Book,3,2280.0
150441,Book,1,2281.0
150482,Book,1,2282.0
150507,Book,2,2283.0
150612,Book,1,2284.0
150686,Book,1,2285.0
150698,Book,1,2286.0
150700,Book,0,2287.0
150711,Music,1,2288.0
150718,Music,0,2289.0
150823,Music,11,2290.0
150827,Book,1,2291.0
150906,Music,1,2292.0
151012,Book,9,2293.0
151025,Book,3,2294.0
151225,Music,9,2295.0
151249,Book,2,2296.0
151305,Music,2,2297.0
151333,Music,1,2298.0
151341,Book,5,2299.0
151342,Book,10,2300.0
151409,Music,8,2301.0
151412,Book,3,2302.0
151584,Book,7,2303.0
151608,Music,14,2304.0
151634,Book,4,2305.0
151678,Book,2,2306.0
151680,Book,2,2307.0
151693,Book,7,2308.0
151708,Music,10,2309.0
151710,Music,7,2310.0
151871,Book,4,2311.0
151911,Music,4,2312.0
151925,Book,4,2313.0
151979,Book,2,2314.0
151985,Book,5,2315.0
152000,Book,1,2316.0
152048,Book,3,2317.0
152116,Book,4,2318.0
152118,Book,3,2319.0
152139,Book,3,2320.0
152321,Music,3,2321.0
152322,Book,3,2322.0
152449,Book,4,2323.0
152462,Book,9,2324.0
152463,Book,3,2325.0
152533,Book,2,2326.0
152581,Book,2,2327.0
152639,Book,4,2328.0
152642,DVD,30,2329.0
152844,Book,5,2330.0
153096,Music,3,2331.0
153204,Video,11,2332.0
153242,Book,4,2333.0
153341,Book,3,2334.0
153374,Book,6,2335.0
153409,Book,6,2336.0
153438,Book,7,2337.0
153474,Book,2,2338.0
153542,Book,7,2339.0
153618,Book,4,2340.0
153638,Book,3,2341.0
153662,Book,2,2342.0
153895,Book,2,2343.0
153915,Book,3,2344.0
153920,Book,7,2345.0
153924,Book,8,2346.0
154109,Book,6,2347.0
154296,Music,4,2348.0
154314,Book,5,2349.0
154691,Book,10,2350.0
154798,Book,7,2351.0
154908,Video,6,2352.0
154924,Book,2,2353.0
154979,Book,2,2354.0
154982,Book,2,2355.0
155058,Book,14,2356.0
155211,Music,5,2357.0
155251,Book,1,2358.0
155297,Music,6,2359.0
155378,Book,3,2360.0
155383,Book,7,2361.0
155534,Music,2,2362.0
155543,Book,6,2363.0
155551,Video,4,2364.0
155589,Book,2,2365.0
155607,Book,4,2366.0
155635,Book,1,2367.0
155718,Book,2,2368.0
155828,Book,2,2369.0
156105,Music,4,2370.0
156243,Book,5,2371.0
156253,Music,5,2372.0
156374,Book,2,2373.0
156375,Book,6,2374.0
156418,Book,4,2375.0
156802,Book,4,2376.0
156805,Book,4,2377.0
156927,Book,9,2378.0
157016,Music,6,2379.0
157083,DVD,14,2380.0
157109,Music,7,2381.0
157250,DVD,44,2382.0
157260,Music,3,2383.0
157262,Book,4,2384.0
157579,Book,6,2385.0
157897,Book,6,2386.0
158024,Video,3,2387.0
158138,Music,3,2388.0
158391,Book,2,2389.0
158392,Video,4,2390.0
158408,Book,3,2391.0
158428,Music,10,2392.0
158562,Book,1,2393.0
158563,Book,2,2394.0
158593,Music,4,2395.0
158633,Book,8,2396.0
158646,Book,6,2397.0
158845,Book,5,2398.0
158849,Music,7,2399.0
158962,Book,8,2400.0
159015,DVD,6,2401.0
159019,Music,16,2402.0
159063,Book,2,2403.0
159070,Book,7,2404.0
159187,Book,5,2405.0
159258,Music,3,2406.0
159259,Book,4,2407.0
159333,Book,12,2408.0
159348,Music,4,2409.0
159423,Book,2,2410.0
159462,Book,6,2411.0
159474,Book,6,2412.0
159475,Video,1,2413.0
159477,DVD,14,2414.0
159554,Music,1,2415.0
159656,Book,2,2416.0
159716,Book,0,2417.0
159877,Book,3,2418.0
159906,Book,2,2419.0
159930,Music,3,2420.0
160074,Book,0,2421.0
160170,Book,4,2422.0
160264,Book,2,2423.0
160467,Book,11,2424.0
160595,Music,2,2425.0
160685,Book,1,2426.0
160703,Music,1,2427.0
160745,Book,3,2428.0
160755,Music,1,2429.0
160824,Book,1,2430.0
160825,Video,7,2431.0
160835,Video,18,2432.0
161040,Music,1,2433.0
161158,Music,6,2434.0
161250,Book,6,2435.0
161266,Video,1,2436.0
161547,Book,0,2437.0
161549,Book,3,2438.0
161626,Book,3,2439.0
161716,Book,6,2440.0
161778,Book,3,2441.0
161816,Book,6,2442.0
162002,Book,2,2443.0
162011,Music,1,2444.0
162020,DVD,19,2445.0
162128,Book,4,2446.0
162292,Book,1,2447.0
162338,Book,4,2448.0
162405,Book,5,2449.0
162426,Book,7,2450.0
162473,Music,7,2451.0
163081,Music,5,2452.0
163271,Music,3,2453.0
163272,Book,3,2454.0
163348,Book,9,2455.0
163478,Book,7,2456.0
163633,Book,4,2457.0
163709,Book,3,2458.0
163899,Book,3,2459.0
164030,Book,2,2460.0
164096,Book,3,2461.0
164147,Book,4,2462.0
164148,Book,10,2463.0
164271,Book,3,2464.0
164272,Book,2,2465.0
164352,Music,19,2466.0
164361,Video,9,2467.0
164466,Book,6,2468.0
164590,Music,28,2469.0
164591,Music,15,2470.0
164710,Music,7,2471.0
164711,Music,3,2472.0
164770,Book,4,2473.0
164799,Book,8,2474.0
164848,Book,2,2475.0
164894,Book,9,2476.0
164913,Book,1,2477.0
164943,Book,3,2478.0
165037,Music,2,2479.0
165115,Music,2,2480.0
165188,Book,0,2481.0
165189,DVD,13,2482.0
165194,Book,5,2483.0
165196,DVD,5,2484.0
165308,Book,3,2485.0
165343,Book,9,2486.0
165591,Book,0,2487.0
165743,Book,2,2488.0
165793,Music,3,2489.0
165809,Music,3,2490.0
165810,Book,5,2491.0
165930,Book,2,2492.0
166033,Music,6,2493.0
166037,Book,4,2494.0
166040,Book,3,2495.0
166048,Book,3,2496.0
166245,Book,2,2497.0
166339,Book,3,2498.0
166341,Book,4,2499.0
166514,Book,4,2500.0
166540,Book,10,2501.0
166691,Video,15,2502.0
166708,Book,2,2503.0
166795,Book,8,2504.0
167018,Book,5,2505.0
167174,Music,1,2506.0
167619,Book,2,2507.0
167621,DVD,26,2508.0
167648,Book,6,2509.0
167649,Book,3,2510.0
167764,Music,2,2511.0
167949,Book,9,2512.0
168120,Book,0,2513.0
168165,Book,2,2514.0
168262,Book,3,2515.0
168411,Music,2,2516.0
168494,Music,1,2517.0
168701,Video,8,2518.0
168808,Book,2,2519.0
168861,Music,5,2520.0
168885,Book,10,2521.0
168897,Music,3,2522.0
168949,Book,2,2523.0
168954,Book,2,2524.0
169007,Book,4,2525.0
169011,Book,3,2526.0
169202,Book,5,2527.0
169237,DVD,21,2528.0
169297,Book,5,2529.0
169322,Book,5,2530.0
169483,Book,1,2531.0
169501,Music,7,2532.0
169574,Music,4,2533.0
169612,Book,5,2534.0
169734,Book,5,2535.0
169809,Book,2,2536.0
169869,Book,4,2537.0
170033,Music,6,2538.0
170038,Book,2,2539.0
170122,Book,1,2540.0
170320,Book,3,2541.0
170330,Book,3,2542.0
170431,Book,6,2543.0
170444,Book,5,2544.0
170487,Book,2,2545.0
170493,Book,3,2546.0
170518,Book,4,2547.0
170755,Music,22,2548.0
170902,Book,4,2549.0
170919,DVD,12,2550.0
170985,Book,6,2551.0
171065,Book,3,2552.0
171104,Book,3,2553.0
171112,Music,1,2554.0
171298,Book,3,2555.0
171416,Book,2,2556.0
171438,Book,6,2557.0
171596,Book,0,2558.0
171764,Book,5,2559.0
171768,Book,2,2560.0
171875,Book,2,2561.0
171919,Book,0,2562.0
172007,Book,5,2563.0
172151,Book,3,2564.0
172223,Book,3,2565.0
172592,Book,4,2566.0
172603,Book,4,2567.0
172604,Music,8,2568.0
172623,Book,7,2569.0
172706,DVD,8,2570.0
172757,Book,1,2571.0
172769,Book,1,2572.0
172919,Book,4,2573.0
172948,Book,4,2574.0
173077,Video,1,2575.0
173134,Video,2,2576.0
173277,Book,12,2577.0
173466,Book,4,2578.0
173502,Music,4,2579.0
173568,Music,3,2580.0
173625,Book,3,2581.0
173757,Book,2,2582.0
173763,Book,7,2583.0
173806,Music,1,2584.0
173990,Book,4,2585.0
174160,Music,2,2586.0
174247,Music,6,2587.0
174257,Book,2,2588.0
174262,Book,2,2589.0
174347,Book,4,2590.0
174480,Book,7,2591.0
174657,Book,14,2592.0
174658,Music,5,2593.0
174726,Book,4,2594.0
174804,Book,3,2595.0
174806,DVD,28,2596.0
174846,Music,1,2597.0
175138,Book,5,2598.0
175151,Music,5,2599.0
175185,Music,7,2600.0
175236,Book,9,2601.0
175264,Music,24,2602.0
175268,Book,3,2603.0
175398,Book,6,2604.0
175403,Book,3,2605.0
175455,Book,2,2606.0
175864,Music,3,2607.0
175900,DVD,9,2608.0
175901,DVD,5,2609.0
176054,Book,2,2610.0
176207,Video,10,2611.0
176307,Book,3,2612.0
176419,Music,3,2613.0
176437,Book,2,2614.0
176504,Book,6,2615.0
176713,Book,15,2616.0
176714,Video,2,2617.0
176726,Music,2,2618.0
176929,Book,4,2619.0
177038,Book,3,2620.0
177223,Music,3,2621.0
177281,Book,2,2622.0
177361,Music,7,2623.0
177414,Book,5,2624.0
177468,Music,9,2625.0
177469,Book,3,2626.0
177544,Music,6,2627.0
177613,Book,4,2628.0
177625,Music,3,2629.0
177762,Book,4,2630.0
177843,Music,1,2631.0
177918,Book,5,2632.0
177971,Music,3,2633.0
178014,Music,3,2634.0
178015,Book,0,2635.0
178138,Book,4,2636.0
178169,Music,6,2637.0
178170,Book,4,2638.0
178235,Book,4,2639.0
178391,Book,4,2640.0
178395,Music,2,2641.0
178623,Music,0,2642.0
178635,Book,9,2643.0
178930,Book,4,2644.0
178985,Video,9,2645.0
179105,Book,2,2646.0
179197,Music,4,2647.0
179200,Music,6,2648.0
179228,Book,2,2649.0
179260,Book,5,2650.0
179273,Book,4,2651.0
179286,Video,9,2652.0
179376,Video,1,2653.0
179444,Music,5,2654.0
179446,Book,4,2655.0
179448,Music,2,2656.0
179575,Video,6,2657.0
179645,Book,4,2658.0
179656,Book,0,2659.0
179686,Book,4,2660.0
179692,Book,8,2661.0
179853,Book,2,2662.0
179975,Book,2,2663.0
179976,Book,0,2664.0
180055,Book,3,2665.0
180082,Book,4,2666.0
180127,Music,4,2667.0
180235,Book,6,2668.0
180284,Book,3,2669.0
180384,Music,3,2670.0
180428,Book,1,2671.0
180430,Book,2,2672.0
180460,Book,4,2673.0
180716,Video,1,2674.0
180736,Book,2,2675.0
180815,Book,2,2676.0
180929,Book,2,2677.0
180949,Book,5,2678.0
180962,Book,0,2679.0
181023,Book,8,2680.0
181050,Book,1,2681.0
181211,Book,0,2682.0
181259,Music,1,2683.0
181287,Book,0,2684.0
181422,Book,2,2685.0
181432,Book,7,2686.0
181477,Book,1,2687.0
181945,Book,7,2688.0
181946,Book,4,2689.0
182097,Book,3,2690.0
182147,Book,1,2691.0
182369,Book,5,2692.0
182372,Book,2,2693.0
182374,Book,6,2694.0
182447,Music,13,2695.0
182448,Book,2,2696.0
182600,Book,4,2697.0
182632,Book,4,2698.0
182720,Book,7,2699.0
182722,Book,4,2700.0
182729,Music,2,2701.0
182886,Book,3,2702.0
182908,Book,2,2703.0
182919,Book,1,2704.0
183508,Music,14,2705.0
183689,Book,2,2706.0
183762,Book,3,2707.0
183763,Book,4,2708.0
183838,Video,9,2709.0
183882,Music,4,2710.0
183896,Music,3,2711.0
184003,Book,6,2712.0
184005,Book,5,2713.0
184006,Book,4,2714.0
184080,Book,3,2715.0
184188,Book,5,2716.0
184219,DVD,18,2717.0
184230,DVD,25,2718.0
184253,Book,4,2719.0
184286,Book,9,2720.0
184307,Book,11,2721.0
184467,Book,7,2722.0
184584,Music,6,2723.0
184586,Book,1,2724.0
184594,Music,3,2725.0
184687,Music,5,2726.0
184799,Book,0,2727.0
184921,Book,2,2728.0
184996,Book,3,2729.0
185049,Video,7,2730.0
185096,Book,7,2731.0
185154,Book,2,2732.0
185180,Book,9,2733.0
185211,Book,6,2734.0
185221,Book,3,2735.0
185227,Book,4,2736.0
185643,Book,3,2737.0
185663,Book,1,2738.0
185714,Book,2,2739.0
185745,Book,4,2740.0
185749,Book,3,2741.0
185792,Book,4,2742.0
185910,Book,3,2743.0
185995,Book,4,2744.0
185998,Music,2,2745.0
186037,Book,7,2746.0
186043,Book,4,2747.0
186170,Book,4,2748.0
186197,Book,7,2749.0
186502,Book,3,2750.0
186541,Book,5,2751.0
186545,Book,0,2752.0
186561,Book,3,2753.0
186589,Book,4,2754.0
186643,Book,1,2755.0
186703,Book,2,2756.0
186796,Book,4,2757.0
187032,Book,5,2758.0
187185,DVD,13,2759.0
187301,Video,12,2760.0
187446,Video,0,2761.0
187462,Book,5,2762.0
187538,Book,5,2763.0
187596,Book,6,2764.0
187793,Book,8,2765.0
187831,Music,10,2766.0
187891,Book,4,2767.0
188035,Book,4,2768.0
188138,Book,3,2769.0
188153,Book,8,2770.0
188473,Book,1,2771.0
188548,Book,1,2772.0
188643,Book,2,2773.0
188678,Book,6,2774.0
188763,Book,3,2775.0
188766,Book,5,2776.0
188786,Music,8,2777.0
188829,Music,1,2778.0
188872,Book,3,2779.0
188976,Video,14,2780.0
189074,Book,4,2781.0
189383,Book,3,2782.0
189467,Video,1,2783.0
189496,Book,4,2784.0
189553,Book,3,2785.0
189695,Music,5,2786.0
189811,Book,4,2787.0
189823,Book,4,2788.0
189900,Book,0,2789.0
189986,Book,2,2790.0
190020,Book,1,2791.0
190021,Book,0,2792.0
190144,Book,5,2793.0
190262,Book,1,2794.0
190266,Book,5,2795.0
190326,Book,4,2796.0
190448,Book,4,2797.0
190648,Book,3,2798.0
190650,Music,6,2799.0
190778,Book,6,2800.0
190794,Music,10,2801.0
191241,Book,1,2802.0
191299,Book,4,2803.0
191309,Book,2,2804.0
191383,Book,0,2805.0
191457,Music,5,2806.0
191525,Music,4,2807.0
191548,Music,2,2808.0
191649,Music,5,2809.0
191740,Book,3,2810.0
191924,Book,8,2811.0
192018,Book,5,2812.0
192250,Music,6,2813.0
192295,Book,2,2814.0
192445,Book,2,2815.0
192554,Music,5,2816.0
192678,Book,5,2817.0
192725,Book,11,2818.0
192753,Book,9,2819.0
193301,Book,2,2820.0
193303,Book,4,2821.0
193351,Book,7,2822.0
193365,Book,6,2823.0
193394,Book,5,2824.0
193442,Book,5,2825.0
193588,Music,7,2826.0
193757,Book,5,2827.0
193817,Book,12,2828.0
193958,Video,7,2829.0
194037,Music,7,2830.0
194150,Music,3,2831.0
194234,Book,2,2832.0
194236,DVD,14,2833.0
194254,Book,3,2834.0
194273,DVD,9,2835.0
194330,Book,1,2836.0
194331,Book,10,2837.0
194419,Book,5,2838.0
194423,Book,4,2839.0
194429,Book,3,2840.0
194440,Book,0,2841.0
194483,Music,8,2842.0
194507,Book,4,2843.0
194658,Book,2,2844.0
194804,Book,3,2845.0
194839,Book,1,2846.0
194912,Book,1,2847.0
195018,Book,0,2848.0
195069,Book,4,2849.0
195248,Book,2,2850.0
195332,Music,2,2851.0
195341,Video,4,2852.0
195624,Book,5,2853.0
195838,Book,2,2854.0
195845,Book,4,2855.0
195851,Book,1,2856.0
195863,Video,16,2857.0
196053,Book,2,2858.0
196363,Book,0,2859.0
196422,Music,3,2860.0
196423,Book,1,2861.0
196444,Book,3,2862.0
196512,Music,1,2863.0
196513,Music,2,2864.0
196573,Music,2,2865.0
196599,Book,4,2866.0
196671,Book,6,2867.0
196739,Book,4,2868.0
196864,Music,6,2869.0
196887,Book,1,2870.0
196937,Book,3,2871.0
197118,Book,3,2872.0
197367,Music,5,2873.0
197418,Music,5,2874.0
197427,Book,2,2875.0
197471,Book,4,2876.0
197620,Book,2,2877.0
197658,Music,3,2878.0
197674,Music,2,2879.0
197771,Video,19,2880.0
197772,Book,7,2881.0
197828,Book,4,2882.0
197875,DVD,7,2883.0
197876,Music,4,2884.0
197898,Music,1,2885.0
197922,Book,8,2886.0
197938,Book,2,2887.0
197954,Music,0,2888.0
198012,Book,1,2889.0
198270,Book,2,2890.0
198271,Book,11,2891.0
198340,Book,1,2892.0
198522,Book,5,2893.0
198692,Book,2,2894.0
199066,Book,3,2895.0
199068,Book,5,2896.0
199267,Book,6,2897.0
199346,Book,3,2898.0
199368,Book,5,2899.0
199452,Book,3,2900.0
199589,Video,10,2901.0
199766,Music,9,2902.0
199768,Music,2,2903.0
199849,Book,3,2904.0
199957,Book,1,2905.0
199960,Book,3,2906.0
200042,Book,3,2907.0
200076,Book,4,2908.0
200108,Book,6,2909.0
200130,Book,3,2910.0
200175,Book,1,2911.0
200321,Book,2,2912.0
200427,Book,4,2913.0
200428,Music,6,2914.0
200491,Book,5,2915.0
200553,Music,3,2916.0
200565,Book,1,2917.0
200730,Music,4,2918.0
200794,Book,4,2919.0
200797,Book,3,2920.0
200913,Music,6,2921.0
200934,Music,3,2922.0
200980,Book,1,2923.0
201306,Music,3,2924.0
201344,Book,0,2925.0
201422,Book,4,2926.0
201424,Book,2,2927.0
201435,Book,0,2928.0
201453,Book,2,2929.0
201550,Book,3,2930.0
201765,Music,8,2931.0
201772,Book,3,2932.0
201887,Book,5,2933.0
202086,Book,4,2934.0
202273,Music,5,2935.0
202291,DVD,17,2936.0
202308,Book,4,2937.0
202377,Book,3,2938.0
202568,Book,2,2939.0
202622,Music,1,2940.0
202631,Book,12,2941.0
202632,Music,9,2942.0
202797,Book,3,2943.0
202823,Book,2,2944.0
202833,Book,0,2945.0
202890,Book,0,2946.0
203177,Music,4,2947.0
203241,Book,1,2948.0
203372,Music,6,2949.0
203520,Book,1,2950.0
203575,Book,5,2951.0
203760,Book,2,2952.0
203827,Book,2,2953.0
204102,Book,4,2954.0
204122,Book,4,2955.0
204182,Book,3,2956.0
204405,Book,2,2957.0
204466,Book,2,2958.0
204504,Book,0,2959.0
204548,Book,1,2960.0
204611,Book,0,2961.0
204621,Book,0,2962.0
204707,Book,0,2963.0
204711,Book,3,2964.0
204766,Video,17,2965.0
204770,Music,0,2966.0
204878,Book,1,2967.0
204948,Music,3,2968.0
205116,Book,3,2969.0
205311,Book,5,2970.0
205314,Book,2,2971.0
205322,Book,7,2972.0
205406,Book,2,2973.0
205499,Book,9,2974.0
205500,DVD,27,2975.0
205538,Book,3,2976.0
205621,Book,4,2977.0
205966,Music,3,2978.0
206181,Book,5,2979.0
206388,Book,3,2980.0
206397,Video,13,2981.0
206513,Music,5,2982.0
206514,Book,5,2983.0
206714,Book,10,2984.0
206932,Book,5,2985.0
207111,DVD,5,2986.0
207327,Video,18,2987.0
207331,Book,10,2988.0
207405,Book,1,2989.0
207546,Book,4,2990.0
207621,Book,4,2991.0
207711,Book,0,2992.0
207935,Book,13,2993.0
208039,Book,3,2994.0
208153,Music,7,2995.0
208328,Book,3,2996.0
208369,Book,7,2997.0
208383,Book,10,2998.0
208525,Book,5,2999.0
208771,Book,2,3000.0
208855,Book,2,3001.0
208911,Book,7,3002.0
208974,Book,6,3003.0
209053,Book,0,3004.0
209054,Music,15,3005.0
209055,Book,2,3006.0
209269,Music,10,3007.0
209441,Book,3,3008.0
209579,Music,8,3009.0
209588,Book,4,3010.0
209701,Music,6,3011.0
209832,Book,1,3012.0
209983,Music,9,3013.0
210380,Book,5,3014.0
210514,Book,4,3015.0
210515,Book,10,3016.0
210557,Book,2,3017.0
210562,Video,15,3018.0
210725,Book,0,3019.0
210838,Music,2,3020.0
210853,Music,7,3021.0
210959,Music,7,3022.0
211012,Video,1,3023.0
211145,Book,2,3024.0
211292,Book,4,3025.0
211374,Book,6,3026.0
211452,Book,3,3027.0
211518,Music,4,3028.0
211608,Music,2,3029.0
211660,Book,4,3030.0
211676,Book,3,3031.0
211715,Video,10,3032.0
211978,Book,2,3033.0
212112,Book,1,3034.0
212181,Book,6,3035.0
212285,Book,5,3036.0
212319,Book,9,3037.0
212375,Book,1,3038.0
212483,Book,4,3039.0
212534,Book,6,3040.0
212600,Book,1,3041.0
212601,Book,2,3042.0
212616,Book,4,3043.0
212648,Book,4,3044.0
212653,Music,8,3045.0
212659,Book,3,3046.0
212703,Video,5,3047.0
212938,Book,8,3048.0
212950,Music,5,3049.0
212955,Book,2,3050.0
212956,Music,6,3051.0
213214,Book,3,3052.0
213215,Book,4,3053.0
213376,Book,8,3054.0
213427,Video,6,3055.0
213452,Book,3,3056.0
213524,Book,1,3057.0
213525,Book,4,3058.0
213546,Book,3,3059.0
213705,Book,2,3060.0
213918,Book,2,3061.0
213977,Book,2,3062.0
214161,DVD,3,3063.0
214283,Book,2,3064.0
214284,Video,6,3065.0
214458,Video,3,3066.0
214644,Book,3,3067.0
214692,Book,2,3068.0
214896,Book,2,3069.0
214976,Book,4,3070.0
215007,Book,6,3071.0
215014,Book,1,3072.0
215120,Book,5,3073.0
215164,Book,5,3074.0
215174,Video,14,3075.0
215259,Book,6,3076.0
215419,DVD,11,3077.0
215457,Book,4,3078.0
215509,Book,6,3079.0
215649,Book,3,3080.0
215669,Book,9,3081.0
215903,Book,3,3082.0
215929,Book,3,3083.0
216131,Book,2,3084.0
216198,Music,0,3085.0
216201,Book,7,3086.0
216267,Video,14,3087.0
216269,Book,2,3088.0
216511,Book,1,3089.0
216551,Book,1,3090.0
216623,Book,3,3091.0
216703,Book,5,3092.0
216855,Book,6,3093.0
216865,Book,1,3094.0
216953,Book,2,3095.0
217088,Video,7,3096.0
217163,Book,3,3097.0
217169,Book,9,3098.0
217431,Book,3,3099.0
217569,Book,10,3100.0
217584,Book,4,3101.0
217586,Book,1,3102.0
217674,Music,3,3103.0
217840,Book,16,3104.0
217841,Book,3,3105.0
218062,Book,1,3106.0
218126,Book,2,3107.0
218127,Book,3,3108.0
218144,Book,3,3109.0
218148,Book,2,3110.0
218220,Music,4,3111.0
218299,Book,3,3112.0
218321,Book,4,3113.0
218336,Music,4,3114.0
218493,Book,6,3115.0
218570,Music,1,3116.0
218781,Book,7,3117.0
218913,Book,5,3118.0
218937,DVD,26,3119.0
218992,Book,6,3120.0
218993,Book,0,3121.0
219223,Book,2,3122.0
219224,Music,2,3123.0
219257,Book,4,3124.0
219281,Book,4,3125.0
219314,Book,5,3126.0
219345,Book,3,3127.0
219637,Music,6,3128.0
219638,Book,0,3129.0
219749,Book,2,3130.0
219876,Music,3,3131.0
220066,Music,5,3132.0
220205,Book,5,3133.0
220343,Book,0,3134.0
220430,DVD,18,3135.0
220566,Book,3,3136.0
220776,Book,2,3137.0
220781,Book,3,3138.0
221139,Book,3,3139.0
221169,Book,5,3140.0
221238,Book,3,3141.0
221261,Book,7,3142.0
221312,Book,5,3143.0
221356,Video,17,3144.0
221384,Book,3,3145.0
221388,Book,0,3146.0
221653,Music,11,3147.0
221850,Music,3,3148.0
221916,Book,2,3149.0
221917,Book,2,3150.0
221942,Book,2,3151.0
222062,Book,1,3152.0
222074,Book,5,3153.0
222091,Book,6,3154.0
222160,Book,2,3155.0
222306,Book,15,3156.0
222352,Book,5,3157.0
222365,Book,4,3158.0
222478,Book,8,3159.0
222577,Music,8,3160.0
222792,Music,15,3161.0
222850,DVD,7,3162.0
222852,Book,2,3163.0
222890,Book,0,3164.0
223053,Book,2,3165.0
223101,Book,1,3166.0
223124,Book,10,3167.0
223259,Book,5,3168.0
223330,Book,1,3169.0
223428,Book,2,3170.0
223512,Book,4,3171.0
223515,Book,1,3172.0
223557,Book,2,3173.0
223746,Book,3,3174.0
223852,Video,5,3175.0
223906,DVD,2,3176.0
224030,Book,5,3177.0
224127,Video,4,3178.0
224225,Book,1,3179.0
224242,Book,3,3180.0
224647,Book,8,3181.0
224675,Book,1,3182.0
224893,Book,5,3183.0
224970,Music,4,3184.0
225105,Music,4,3185.0
225140,Book,5,3186.0
225427,Book,4,3187.0
225486,Book,3,3188.0
225556,Book,5,3189.0
225726,Book,1,3190.0
225781,Book,2,3191.0
225814,Music,12,3192.0
225831,Video,2,3193.0
225886,Book,5,3194.0
226027,Book,2,3195.0
226028,Book,1,3196.0
226078,Music,8,3197.0
226083,Video,23,3198.0
226110,DVD,20,3199.0
226124,Music,5,3200.0
226192,Book,3,3201.0
226195,Book,1,3202.0
226331,Book,2,3203.0
226506,Music,7,3204.0
226603,Book,5,3205.0
226665,DVD,5,3206.0
226899,Book,4,3207.0
227014,Book,2,3208.0
227073,Book,8,3209.0
227089,Book,2,3210.0
227213,Book,4,3211.0
227433,Book,1,3212.0
227500,Video,13,3213.0
227535,Book,4,3214.0
227536,Book,7,3215.0
227734,Book,3,3216.0
227777,Book,2,3217.0
227799,Music,4,3218.0
227818,Music,7,3219.0
227823,Music,2,3220.0
227916,Book,6,3221.0
227967,Music,2,3222.0
228119,Book,5,3223.0
228364,Book,2,3224.0
228368,Book,3,3225.0
228450,Book,2,3226.0
228598,Book,1,3227.0
228774,Music,2,3228.0
228775,Book,0,3229.0
228798,Video,7,3230.0
228814,Book,5,3231.0
228871,Book,7,3232.0
229106,Book,2,3233.0
229225,Book,4,3234.0
229249,Book,3,3235.0
229362,Book,4,3236.0
229408,Book,5,3237.0
229536,Book,7,3238.0
229625,Book,4,3239.0
229822,Book,4,3240.0
229996,Book,5,3241.0
230034,Book,3,3242.0
230311,Book,3,3243.0
230396,Video,24,3244.0
230578,Book,1,3245.0
230580,Book,5,3246.0
230644,Book,3,3247.0
230806,Music,4,3248.0
230853,Book,4,3249.0
230983,Book,3,3250.0
230990,Music,2,3251.0
231195,Book,0,3252.0
231266,Book,2,3253.0
231414,Book,4,3254.0
231463,Music,7,3255.0
231650,Book,5,3256.0
231871,Book,4,3257.0
232015,Book,3,3258.0
232016,DVD,7,3259.0
232105,Music,14,3260.0
232112,Book,7,3261.0
232160,Music,4,3262.0
232205,Book,5,3263.0
232289,Book,0,3264.0
232329,Book,7,3265.0
232387,Book,4,3266.0
232659,Book,3,3267.0
233001,Book,4,3268.0
233290,Book,9,3269.0
233291,Book,4,3270.0
233366,Book,4,3271.0
233408,Music,4,3272.0
233430,Book,4,3273.0
233432,Music,2,3274.0
233606,Book,7,3275.0
233628,Book,5,3276.0
233657,Book,0,3277.0
233872,Book,1,3278.0
233886,Music,1,3279.0
233887,Video,5,3280.0
233934,Book,1,3281.0
233958,Book,3,3282.0
234191,Music,2,3283.0
234464,Book,5,3284.0
234564,Book,0,3285.0
234629,Book,3,3286.0
234630,Book,3,3287.0
234989,Book,3,3288.0
235374,Book,2,3289.0
235397,Book,5,3290.0
235514,Book,2,3291.0
235575,Book,8,3292.0
235583,Book,4,3293.0
235709,Book,8,3294.0
236051,Book,3,3295.0
236053,DVD,10,3296.0
236138,Book,2,3297.0
236209,Book,6,3298.0
236230,Book,3,3299.0
236287,Book,3,3300.0
236312,Book,8,3301.0
236752,Book,3,3302.0
236753,Book,3,3303.0
236875,Book,1,3304.0
236879,Book,5,3305.0
236881,Book,5,3306.0
237355,Book,4,3307.0
237356,Book,1,3308.0
237417,Book,4,3309.0
237563,Music,3,3310.0
237596,Book,6,3311.0
237651,Book,4,3312.0
237729,Book,4,3313.0
237771,Book,3,3314.0
237880,Book,4,3315.0
237935,Book,3,3316.0
238007,Music,6,3317.0
238085,Book,6,3318.0
238087,Book,0,3319.0
238119,Book,3,3320.0
238259,Book,2,3321.0
238650,Music,3,3322.0
238751,Book,3,3323.0
238764,Book,2,3324.0
238781,Book,4,3325.0
238795,Book,8,3326.0
238836,Book,2,3327.0
238907,Book,4,3328.0
238910,Book,1,3329.0
238925,Book,1,3330.0
239246,Book,6,3331.0
239349,Book,5,3332.0
239693,Book,3,3333.0
239763,Music,8,3334.0
239843,Music,10,3335.0
239949,Book,5,3336.0
239950,Book,7,3337.0
240020,DVD,8,3338.0
240276,Book,3,3339.0
240343,Music,2,3340.0
240376,Book,5,3341.0
240381,Book,2,3342.0
240430,DVD,20,3343.0
240475,Book,7,3344.0
240521,Book,2,3345.0
240615,Book,5,3346.0
240751,Music,2,3347.0
240767,Music,1,3348.0
240814,Music,7,3349.0
240859,Book,2,3350.0
240915,Book,3,3351.0
240917,Book,1,3352.0
241008,Book,3,3353.0
241225,Book,4,3354.0
241311,Book,3,3355.0
241686,Book,3,3356.0
241821,Book,5,3357.0
241822,Book,2,3358.0
242195,Book,3,3359.0
242386,Music,3,3360.0
242717,Book,3,3361.0
242718,Book,2,3362.0
242719,Music,13,3363.0
242816,Music,4,3364.0
242839,Book,5,3365.0
242850,Book,1,3366.0
243061,Book,3,3367.0
243111,Book,3,3368.0
243166,Book,1,3369.0
243185,Music,1,3370.0
243188,Book,5,3371.0
243287,Music,22,3372.0
243334,Book,4,3373.0
243418,Music,7,3374.0
243543,Book,0,3375.0
243798,Book,5,3376.0
243902,Book,3,3377.0
243903,DVD,14,3378.0
243928,Book,5,3379.0
244124,Book,4,3380.0
244154,Book,3,3381.0
244159,Book,6,3382.0
244160,Book,7,3383.0
244242,Book,7,3384.0
244455,DVD,19,3385.0
244486,Book,4,3386.0
244491,Book,0,3387.0
244698,Book,3,3388.0
244700,Music,5,3389.0
244703,Book,4,3390.0
244818,Book,7,3391.0
245010,Book,1,3392.0
245011,Book,3,3393.0
245054,Music,5,3394.0
245064,Book,4,3395.0
245198,Book,14,3396.0
245694,Book,1,3397.0
245704,Music,3,3398.0
245729,Video,5,3399.0
245744,Book,1,3400.0
245754,Music,3,3401.0
245805,Book,2,3402.0
245868,Book,2,3403.0
246021,Music,2,3404.0
246152,Music,2,3405.0
246153,Music,9,3406.0
246210,Book,6,3407.0
246247,Music,4,3408.0
246400,Music,13,3409.0
246507,Book,3,3410.0
246531,Book,3,3411.0
246555,Book,3,3412.0
246602,Video,2,3413.0
246612,Book,4,3414.0
246643,Book,2,3415.0
246675,Book,5,3416.0
246677,Book,3,3417.0
247046,Book,2,3418.0
247150,Book,5,3419.0
247313,Book,5,3420.0
247347,Book,1,3421.0
247348,Book,5,3422.0
247386,Book,6,3423.0
247398,Book,3,3424.0
247483,Video,19,3425.0
247541,Book,4,3426.0
247734,Music,2,3427.0
247880,Book,5,3428.0
247902,Book,2,3429.0
248004,Book,7,3430.0
248059,Book,3,3431.0
248104,Book,2,3432.0
248107,Book,10,3433.0
248128,Music,3,3434.0
248195,Book,3,3435.0
248203,Music,3,3436.0
248204,DVD,13,3437.0
248342,Book,3,3438.0
248354,Music,2,3439.0
248355,Music,18,3440.0
248430,Music,1,3441.0
248619,Video,6,3442.0
248711,Music,13,3443.0
248800,Book,8,3444.0
248808,Music,3,3445.0
248875,Book,5,3446.0
248876,DVD,13,3447.0
248970,Book,4,3448.0
249119,Music,4,3449.0
249121,Book,6,3450.0
249541,DVD,4,3451.0
249566,Book,2,3452.0
249719,Book,0,3453.0
249761,Book,5,3454.0
249762,Book,0,3455.0
249920,Music,6,3456.0
249991,Book,3,3457.0
250057,Book,10,3458.0
250504,Book,1,3459.0
250684,Book,1,3460.0
250722,Book,2,3461.0
251078,Book,3,3462.0
251224,Book,7,3463.0
251255,Music,11,3464.0
251263,Music,5,3465.0
251336,Book,4,3466.0
251348,Book,5,3467.0
251359,Video,4,3468.0
251368,Book,3,3469.0
251490,Book,4,3470.0
251849,Music,2,3471.0
251924,Book,0,3472.0
252067,Music,3,3473.0
252122,Book,5,3474.0
252236,DVD,2,3475.0
252413,Music,12,3476.0
252464,Book,1,3477.0
252542,Book,5,3478.0
252732,Book,5,3479.0
252767,Book,2,3480.0
252840,DVD,26,3481.0
253109,Music,0,3482.0
253134,DVD,4,3483.0
253148,DVD,17,3484.0
253228,Book,4,3485.0
253229,Book,3,3486.0
253231,Book,3,3487.0
253302,Book,6,3488.0
253531,Book,3,3489.0
253532,Book,2,3490.0
253803,Book,6,3491.0
253983,Book,3,3492.0
254152,Book,4,3493.0
254771,Book,4,3494.0
255033,Book,1,3495.0
255159,Music,5,3496.0
255160,Music,4,3497.0
255326,Book,4,3498.0
255370,Book,2,3499.0
255411,Music,3,3500.0
255412,Book,5,3501.0
255512,Book,1,3502.0
255657,Book,8,3503.0
255725,Book,5,3504.0
255778,Book,3,3505.0
255806,Book,3,3506.0
255808,Book,4,3507.0
256393,Book,8,3508.0
256422,Music,5,3509.0
256424,Book,11,3510.0
256425,Music,2,3511.0
256455,Book,8,3512.0
256604,Book,5,3513.0
256666,Book,4,3514.0
256679,Book,0,3515.0
256842,Book,6,3516.0
256908,Book,3,3517.0
257075,Music,3,3518.0
257193,Music,1,3519.0
257247,Book,1,3520.0
257269,DVD,9,3521.0
257388,Book,3,3522.0
257389,Book,11,3523.0
257612,Book,1,3524.0
257643,Music,7,3525.0
257644,Music,1,3526.0
257674,Video,4,3527.0
257715,Music,5,3528.0
258218,Music,2,3529.0
258219,Book,2,3530.0
258264,Book,5,3531.0
258267,Book,5,3532.0
258337,Video,12,3533.0
258444,Video,1,3534.0
258470,Music,0,3535.0
258648,Music,5,3536.0
258802,Book,6,3537.0
258825,Book,0,3538.0
258989,Book,2,3539.0
259050,Book,4,3540.0
259153,Music,4,3541.0
259189,Book,6,3542.0
259192,Book,6,3543.0
259219,Book,3,3544.0
259244,Book,4,3545.0
259301,Book,4,3546.0
259308,Book,2,3547.0
259355,Book,3,3548.0
259366,DVD,17,3549.0
259779,Book,1,3550.0
259792,Book,2,3551.0
259795,Book,4,3552.0
259854,Book,4,3553.0
259888,Book,2,3554.0
259895,Book,6,3555.0
259943,Music,9,3556.0
259945,Music,2,3557.0
260068,DVD,12,3558.0
260094,Book,2,3559.0
260115,Music,1,3560.0
260196,Book,5,3561.0
260254,Book,4,3562.0
260522,Book,4,3563.0
260690,Book,0,3564.0
260897,Music,7,3565.0
260902,Book,1,3566.0
261025,Book,4,3567.0
261033,Book,2,3568.0
261142,Book,4,3569.0
261323,Book,5,3570.0
261325,Book,2,3571.0
261345,Book,4,3572.0
261346,Book,4,3573.0
261347,Video,5,3574.0
261394,Book,1,3575.0
261554,Book,5,3576.0
261560,Book,6,3577.0
261561,Music,1,3578.0
261576,Book,1,3579.0
261671,Book,2,3580.0
261864,Video,10,3581.0
261964,Book,3,3582.0
262086,Book,3,3583.0
262094,Book,4,3584.0
